Género,Raza,Nivel educativo de los padres,Almuerzo,Preparación,Nota en matemáticas,Nota en lectura,Nota en escritura,Promedio,Nota
Femenino,Grupo B,Licenciatura,Estándar,Ninguna,72,72,74,73.0,C
Femenino,Grupo C,Algun estudio universitario,Estándar,Completado,69,90,88,82.0,B
Femenino,Grupo B,Título de maestría,Estándar,Ninguna,90,95,93,93.0,A
Masculino,Grupo A,Título de asociado,Gratis/Reducido,Ninguna,47,57,44,49.0,F
Masculino,Grupo C,Algun estudio universitario,Estándar,Ninguna,76,78,75,76.0,C
Femenino,Grupo B,Título de asociado,Estándar,Ninguna,71,83,78,77.0,C
Femenino,Grupo B,Algun estudio universitario,Estándar,Completado,88,95,92,92.0,A
Masculino,Grupo B,Algun estudio universitario,Gratis/Reducido,Ninguna,40,43,39,41.0,F
Masculino,Grupo D,Escuela secundaria,Gratis/Reducido,Completado,64,64,67,65.0,D
Femenino,Grupo B,Escuela secundaria,Gratis/Reducido,Ninguna,38,60,50,49.0,F
Masculino,Grupo C,Título de asociado,Estándar,Ninguna,58,54,52,55.0,F
Masculino,Grupo D,Título de asociado,Estándar,Ninguna,40,52,43,45.0,F
Femenino,Grupo B,Escuela secundaria,Estándar,Ninguna,65,81,73,73.0,C
Masculino,Grupo A,Algun estudio universitario,Estándar,Completado,78,72,70,73.0,C
Femenino,Grupo A,Título de maestría,Estándar,Ninguna,50,53,58,54.0,F
Femenino,Grupo C,Algun estudio de secundaria,Estándar,Ninguna,69,75,78,74.0,C
Masculino,Grupo C,Escuela secundaria,Estándar,Ninguna,88,89,86,88.0,B
Femenino,Grupo B,Algun estudio de secundaria,Gratis/Reducido,Ninguna,18,32,28,26.0,F
Masculino,Grupo C,Título de maestría,Gratis/Reducido,Completado,46,42,46,45.0,F
Femenino,Grupo C,Título de asociado,Gratis/Reducido,Ninguna,54,58,61,58.0,F
Masculino,Grupo D,Escuela secundaria,Estándar,Ninguna,66,69,63,66.0,D
Femenino,Grupo B,Algun estudio universitario,Gratis/Reducido,Completado,65,75,70,70.0,C
Masculino,Grupo D,Algun estudio universitario,Estándar,Ninguna,44,54,53,50.0,F
Femenino,Grupo C,Algun estudio de secundaria,Estándar,Ninguna,69,73,73,72.0,C
Masculino,Grupo D,Licenciatura,Gratis/Reducido,Completado,74,71,80,75.0,C
Masculino,Grupo A,Título de maestría,Gratis/Reducido,Ninguna,73,74,72,73.0,C
Masculino,Grupo B,Algun estudio universitario,Estándar,Ninguna,69,54,55,59.0,F
Femenino,Grupo C,Licenciatura,Estándar,Ninguna,67,69,75,70.0,C
Masculino,Grupo C,Escuela secundaria,Estándar,Ninguna,70,70,65,68.0,D
Femenino,Grupo D,Título de maestría,Estándar,Ninguna,62,70,75,69.0,D
Femenino,Grupo D,Algun estudio universitario,Estándar,Ninguna,69,74,74,72.0,C
Femenino,Grupo B,Algun estudio universitario,Estándar,Ninguna,63,65,61,63.0,D
Femenino,Grupo E,Título de maestría,Gratis/Reducido,Ninguna,56,72,65,64.0,D
Masculino,Grupo D,Algun estudio universitario,Estándar,Ninguna,40,42,38,40.0,F
Masculino,Grupo E,Algun estudio universitario,Estándar,Ninguna,97,87,82,89.0,B
Masculino,Grupo E,Título de asociado,Estándar,Completado,81,81,79,80.0,B
Femenino,Grupo D,Título de asociado,Estándar,Ninguna,74,81,83,79.0,C
Femenino,Grupo D,Algun estudio de secundaria,Gratis/Reducido,Ninguna,50,64,59,58.0,F
Femenino,Grupo D,Título de asociado,Gratis/Reducido,Completado,75,90,88,84.0,B
Masculino,Grupo B,Título de asociado,Gratis/Reducido,Ninguna,57,56,57,57.0,F
Masculino,Grupo C,Título de asociado,Gratis/Reducido,Ninguna,55,61,54,57.0,F
Femenino,Grupo C,Título de asociado,Estándar,Ninguna,58,73,68,66.0,D
Femenino,Grupo B,Título de asociado,Estándar,Ninguna,53,58,65,59.0,F
Masculino,Grupo B,Algun estudio universitario,Gratis/Reducido,Completado,59,65,66,63.0,D
Femenino,Grupo E,Título de asociado,Gratis/Reducido,Ninguna,50,56,54,53.0,F
Masculino,Grupo B,Título de asociado,Estándar,Ninguna,65,54,57,59.0,F
Femenino,Grupo A,Título de asociado,Estándar,Completado,55,65,62,61.0,D
Femenino,Grupo C,Escuela secundaria,Estándar,Ninguna,66,71,76,71.0,C
Femenino,Grupo D,Título de asociado,Gratis/Reducido,Completado,57,74,76,69.0,D
Masculino,Grupo C,Escuela secundaria,Estándar,Completado,82,84,82,83.0,B
Masculino,Grupo E,Algun estudio universitario,Estándar,Ninguna,53,55,48,52.0,F
Masculino,Grupo E,Título de asociado,Gratis/Reducido,Completado,77,69,68,71.0,C
Masculino,Grupo C,Algun estudio universitario,Estándar,Ninguna,53,44,42,46.0,F
Masculino,Grupo D,Escuela secundaria,Estándar,Ninguna,88,78,75,80.0,B
Femenino,Grupo C,Algun estudio de secundaria,Gratis/Reducido,Completado,71,84,87,81.0,B
Femenino,Grupo C,Escuela secundaria,Gratis/Reducido,Ninguna,33,41,43,39.0,F
Femenino,Grupo E,Título de asociado,Estándar,Completado,82,85,86,84.0,B
Masculino,Grupo D,Título de asociado,Estándar,Ninguna,52,55,49,52.0,F
Masculino,Grupo D,Algun estudio universitario,Estándar,Completado,58,59,58,58.0,F
Femenino,Grupo C,Algun estudio de secundaria,Gratis/Reducido,Ninguna,0,17,10,9.0,F
Masculino,Grupo E,Licenciatura,Gratis/Reducido,Completado,79,74,72,75.0,C
Masculino,Grupo A,Algun estudio de secundaria,Gratis/Reducido,Ninguna,39,39,34,37.0,F
Masculino,Grupo A,Título de asociado,Gratis/Reducido,Ninguna,62,61,55,59.0,F
Femenino,Grupo C,Título de asociado,Estándar,Ninguna,69,80,71,73.0,C
Femenino,Grupo D,Algun estudio de secundaria,Estándar,Ninguna,59,58,59,59.0,F
Masculino,Grupo B,Algun estudio de secundaria,Estándar,Ninguna,67,64,61,64.0,D
Masculino,Grupo D,Algun estudio de secundaria,Gratis/Reducido,Ninguna,45,37,37,40.0,F
Femenino,Grupo C,Algun estudio universitario,Estándar,Ninguna,60,72,74,69.0,D
Masculino,Grupo B,Título de asociado,Gratis/Reducido,Ninguna,61,58,56,58.0,F
Femenino,Grupo C,Título de asociado,Estándar,Ninguna,39,64,57,53.0,F
Femenino,Grupo D,Algun estudio universitario,Gratis/Reducido,Completado,58,63,73,65.0,D
Masculino,Grupo D,Algun estudio universitario,Estándar,Completado,63,55,63,60.0,D
Femenino,Grupo A,Título de asociado,Gratis/Reducido,Ninguna,41,51,48,47.0,F
Masculino,Grupo C,Algun estudio de secundaria,Gratis/Reducido,Ninguna,61,57,56,58.0,F
Masculino,Grupo C,Algun estudio de secundaria,Estándar,Ninguna,49,49,41,46.0,F
Masculino,Grupo B,Título de asociado,Gratis/Reducido,Ninguna,44,41,38,41.0,F
Masculino,Grupo E,Algun estudio de secundaria,Estándar,Ninguna,30,26,22,26.0,F
Masculino,Grupo A,Licenciatura,Estándar,Completado,80,78,81,80.0,B
Femenino,Grupo D,Algun estudio de secundaria,Estándar,Completado,61,74,72,69.0,D
Femenino,Grupo E,Título de maestría,Estándar,Ninguna,62,68,68,66.0,D
Femenino,Grupo B,Título de asociado,Estándar,Ninguna,47,49,50,49.0,F
Masculino,Grupo B,Escuela secundaria,Gratis/Reducido,Ninguna,49,45,45,46.0,F
Masculino,Grupo A,Algun estudio universitario,Gratis/Reducido,Completado,50,47,54,50.0,F
Masculino,Grupo E,Título de asociado,Estándar,Ninguna,72,64,63,66.0,D
Masculino,Grupo D,Escuela secundaria,Gratis/Reducido,Ninguna,42,39,34,38.0,F
Femenino,Grupo C,Algun estudio universitario,Estándar,Ninguna,73,80,82,78.0,C
Femenino,Grupo C,Algun estudio universitario,Gratis/Reducido,Ninguna,76,83,88,82.0,B
Femenino,Grupo D,Título de asociado,Estándar,Ninguna,71,71,74,72.0,C
Femenino,Grupo A,Algun estudio universitario,Estándar,Ninguna,58,70,67,65.0,D
Femenino,Grupo D,Algun estudio de secundaria,Estándar,Ninguna,73,86,82,80.0,B
Femenino,Grupo C,Licenciatura,Estándar,Ninguna,65,72,74,70.0,C
Masculino,Grupo C,Escuela secundaria,Gratis/Reducido,Ninguna,27,34,36,32.0,F
Masculino,Grupo C,Escuela secundaria,Estándar,Ninguna,71,79,71,74.0,C
Masculino,Grupo C,Título de asociado,Gratis/Reducido,Completado,43,45,50,46.0,F
Femenino,Grupo B,Algun estudio universitario,Estándar,Ninguna,79,86,92,86.0,B
Masculino,Grupo C,Título de asociado,Gratis/Reducido,Completado,78,81,82,80.0,B
Masculino,Grupo B,Algun estudio de secundaria,Estándar,Completado,65,66,62,64.0,D
Femenino,Grupo E,Algun estudio universitario,Estándar,Completado,63,72,70,68.0,D
Femenino,Grupo D,Algun estudio universitario,Gratis/Reducido,Ninguna,58,67,62,62.0,D
Femenino,Grupo D,Licenciatura,Estándar,Ninguna,65,67,62,65.0,D
Masculino,Grupo B,Algun estudio universitario,Estándar,Ninguna,79,67,67,71.0,C
Masculino,Grupo D,Licenciatura,Estándar,Completado,68,74,74,72.0,C
Femenino,Grupo D,Título de asociado,Estándar,Ninguna,85,91,89,88.0,B
Masculino,Grupo B,Escuela secundaria,Estándar,Completado,60,44,47,50.0,F
Masculino,Grupo C,Algun estudio universitario,Estándar,Completado,98,86,90,91.0,A
Femenino,Grupo C,Algun estudio universitario,Estándar,Ninguna,58,67,72,66.0,D
Femenino,Grupo D,Título de maestría,Estándar,Ninguna,87,100,100,96.0,A
Masculino,Grupo E,Título de asociado,Estándar,Completado,66,63,64,64.0,D
Femenino,Grupo B,Título de asociado,Gratis/Reducido,Ninguna,52,76,70,66.0,D
Femenino,Grupo B,Algun estudio de secundaria,Estándar,Ninguna,70,64,72,69.0,D
Femenino,Grupo D,Título de asociado,Gratis/Reducido,Completado,77,89,98,88.0,B
Masculino,Grupo C,Escuela secundaria,Estándar,Ninguna,62,55,49,55.0,F
Masculino,Grupo A,Título de asociado,Estándar,Ninguna,54,53,47,51.0,F
Femenino,Grupo D,Algun estudio universitario,Estándar,Ninguna,51,58,54,54.0,F
Femenino,Grupo E,Licenciatura,Estándar,Completado,99,100,100,100.0,A
Masculino,Grupo C,Escuela secundaria,Estándar,Ninguna,84,77,74,78.0,C
Femenino,Grupo B,Licenciatura,Gratis/Reducido,Ninguna,75,85,82,81.0,B
Femenino,Grupo D,Licenciatura,Estándar,Ninguna,78,82,79,80.0,B
Femenino,Grupo D,Algun estudio de secundaria,Estándar,Ninguna,51,63,61,58.0,F
Femenino,Grupo C,Algun estudio universitario,Estándar,Ninguna,55,69,65,63.0,D
Femenino,Grupo C,Licenciatura,Estándar,Completado,79,92,89,87.0,B
Masculino,Grupo B,Título de asociado,Estándar,Completado,91,89,92,91.0,A
Femenino,Grupo C,Algun estudio universitario,Estándar,Completado,88,93,93,91.0,A
Masculino,Grupo D,Escuela secundaria,Gratis/Reducido,Ninguna,63,57,56,59.0,F
Masculino,Grupo E,Algun estudio universitario,Estándar,Ninguna,83,80,73,79.0,C
Femenino,Grupo B,Escuela secundaria,Estándar,Ninguna,87,95,86,89.0,B
Masculino,Grupo B,Algun estudio de secundaria,Estándar,Ninguna,72,68,67,69.0,D
Masculino,Grupo D,Algun estudio universitario,Estándar,Completado,65,77,74,72.0,C
Masculino,Grupo D,Título de maestría,Estándar,Ninguna,82,82,74,79.0,C
Femenino,Grupo A,Licenciatura,Estándar,Ninguna,51,49,51,50.0,F
Masculino,Grupo D,Título de maestría,Estándar,Ninguna,89,84,82,85.0,B
Masculino,Grupo C,Algun estudio de secundaria,Gratis/Reducido,Completado,53,37,40,43.0,F
Masculino,Grupo E,Algun estudio universitario,Gratis/Reducido,Completado,87,74,70,77.0,C
Femenino,Grupo C,Algun estudio universitario,Estándar,Completado,75,81,84,80.0,B
Masculino,Grupo D,Licenciatura,Gratis/Reducido,Completado,74,79,75,76.0,C
Masculino,Grupo C,Licenciatura,Estándar,Ninguna,58,55,48,54.0,F
Masculino,Grupo B,Algun estudio de secundaria,Estándar,Completado,51,54,41,49.0,F
Masculino,Grupo E,Escuela secundaria,Estándar,Ninguna,70,55,56,60.0,D
Femenino,Grupo C,Título de asociado,Estándar,Ninguna,59,66,67,64.0,D
Masculino,Grupo D,Algun estudio universitario,Estándar,Completado,71,61,69,67.0,D
Femenino,Grupo D,Algun estudio de secundaria,Estándar,Ninguna,76,72,71,73.0,C
Femenino,Grupo C,Algun estudio universitario,Gratis/Reducido,Ninguna,59,62,64,62.0,D
Femenino,Grupo E,Algun estudio universitario,Gratis/Reducido,Completado,42,55,54,50.0,F
Masculino,Grupo A,Escuela secundaria,Estándar,Ninguna,57,43,47,49.0,F
Masculino,Grupo D,Algun estudio universitario,Estándar,Ninguna,88,73,78,80.0,B
Femenino,Grupo C,Algun estudio universitario,Gratis/Reducido,Ninguna,22,39,33,31.0,F
Masculino,Grupo B,Algun estudio de secundaria,Estándar,Ninguna,88,84,75,82.0,B
Masculino,Grupo C,Título de asociado,Gratis/Reducido,Ninguna,73,68,66,69.0,D
Femenino,Grupo D,Licenciatura,Estándar,Completado,68,75,81,75.0,C
Masculino,Grupo E,Título de asociado,Gratis/Reducido,Completado,100,100,93,98.0,A
Masculino,Grupo A,Algun estudio de secundaria,Estándar,Completado,62,67,69,66.0,D
Masculino,Grupo A,Licenciatura,Estándar,Ninguna,77,67,68,71.0,C
Femenino,Grupo B,Título de asociado,Estándar,Completado,59,70,66,65.0,D
Masculino,Grupo D,Licenciatura,Estándar,Ninguna,54,49,47,50.0,F
Masculino,Grupo D,Algun estudio de secundaria,Estándar,Ninguna,62,67,61,63.0,D
Femenino,Grupo C,Algun estudio universitario,Estándar,Completado,70,89,88,82.0,B
Femenino,Grupo E,Escuela secundaria,Gratis/Reducido,Completado,66,74,78,73.0,C
Masculino,Grupo B,Algun estudio universitario,Gratis/Reducido,Ninguna,60,60,60,60.0,D
Femenino,Grupo B,Título de asociado,Estándar,Completado,61,86,87,78.0,C
Masculino,Grupo D,Título de asociado,Gratis/Reducido,Ninguna,66,62,64,64.0,D
Masculino,Grupo B,Título de asociado,Gratis/Reducido,Completado,82,78,74,78.0,C
Femenino,Grupo E,Algun estudio universitario,Gratis/Reducido,Completado,75,88,85,83.0,B
Masculino,Grupo B,Título de maestría,Gratis/Reducido,Ninguna,49,53,52,51.0,F
Masculino,Grupo C,Escuela secundaria,Estándar,Ninguna,52,53,49,51.0,F
Femenino,Grupo E,Título de maestría,Estándar,Ninguna,81,92,91,88.0,B
Femenino,Grupo C,Licenciatura,Estándar,Completado,96,100,100,99.0,A
Masculino,Grupo C,Escuela secundaria,Gratis/Reducido,Completado,53,51,51,52.0,F
Femenino,Grupo B,Título de maestría,Gratis/Reducido,Completado,58,76,78,71.0,C
Femenino,Grupo B,Escuela secundaria,Estándar,Completado,68,83,78,76.0,C
Femenino,Grupo C,Algun estudio universitario,Gratis/Reducido,Completado,67,75,70,71.0,C
Masculino,Grupo A,Escuela secundaria,Estándar,Completado,72,73,74,73.0,C
Masculino,Grupo E,Algun estudio de secundaria,Estándar,Ninguna,94,88,78,87.0,B
Femenino,Grupo D,Algun estudio universitario,Estándar,Ninguna,79,86,81,82.0,B
Femenino,Grupo C,Título de asociado,Estándar,Ninguna,63,67,70,67.0,D
Femenino,Grupo C,Licenciatura,Gratis/Reducido,Completado,43,51,54,49.0,F
Femenino,Grupo C,Título de maestría,Estándar,Completado,81,91,87,86.0,B
Femenino,Grupo B,Escuela secundaria,Gratis/Reducido,Completado,46,54,58,53.0,F
Femenino,Grupo C,Título de asociado,Estándar,Completado,71,77,77,75.0,C
Femenino,Grupo B,Título de maestría,Gratis/Reducido,Completado,52,70,62,61.0,D
Femenino,Grupo D,Algun estudio de secundaria,Estándar,Completado,97,100,100,99.0,A
Masculino,Grupo C,Título de maestría,Gratis/Reducido,Completado,62,68,75,68.0,D
Femenino,Grupo C,Algun estudio universitario,Gratis/Reducido,Ninguna,46,64,66,59.0,F
Femenino,Grupo E,Escuela secundaria,Estándar,Ninguna,50,50,47,49.0,F
Femenino,Grupo D,Título de asociado,Estándar,Ninguna,65,69,70,68.0,D
Masculino,Grupo C,Algun estudio de secundaria,Gratis/Reducido,Completado,45,52,49,49.0,F
Masculino,Grupo C,Título de asociado,Gratis/Reducido,Completado,65,67,65,66.0,D
Masculino,Grupo E,Escuela secundaria,Estándar,Ninguna,80,76,65,74.0,C
Masculino,Grupo D,Algun estudio de secundaria,Estándar,Completado,62,66,68,65.0,D
Masculino,Grupo B,Algun estudio de secundaria,Gratis/Reducido,Ninguna,48,52,45,48.0,F
Femenino,Grupo C,Licenciatura,Estándar,Ninguna,77,88,87,84.0,B
Femenino,Grupo E,Título de asociado,Estándar,Ninguna,66,65,69,67.0,D
Masculino,Grupo D,Algun estudio universitario,Estándar,Completado,76,83,79,79.0,C
Femenino,Grupo B,Algun estudio de secundaria,Estándar,Ninguna,62,64,66,64.0,D
Masculino,Grupo D,Algun estudio universitario,Estándar,Completado,77,62,62,67.0,D
Femenino,Grupo C,Título de maestría,Estándar,Completado,69,84,85,79.0,C
Masculino,Grupo D,Título de asociado,Estándar,Ninguna,61,55,52,56.0,F
Masculino,Grupo C,Algun estudio de secundaria,Gratis/Reducido,Completado,59,69,65,64.0,D
Masculino,Grupo E,Escuela secundaria,Gratis/Reducido,Ninguna,55,56,51,54.0,F
Femenino,Grupo B,Algun estudio universitario,Gratis/Reducido,Ninguna,45,53,55,51.0,F
Femenino,Grupo B,Licenciatura,Gratis/Reducido,Ninguna,78,79,76,78.0,C
Femenino,Grupo C,Título de asociado,Estándar,Completado,67,84,86,79.0,C
Femenino,Grupo D,Algun estudio universitario,Gratis/Reducido,Ninguna,65,81,77,74.0,C
Masculino,Grupo C,Título de asociado,Estándar,Ninguna,69,77,69,72.0,C
Femenino,Grupo B,Título de asociado,Estándar,Ninguna,57,69,68,65.0,D
Masculino,Grupo C,Algun estudio universitario,Estándar,Ninguna,59,41,42,47.0,F
Masculino,Grupo D,Algun estudio de secundaria,Estándar,Completado,74,71,78,74.0,C
Masculino,Grupo E,Licenciatura,Estándar,Ninguna,82,62,62,69.0,D
Masculino,Grupo E,Escuela secundaria,Estándar,Completado,81,80,76,79.0,C
Femenino,Grupo B,Algun estudio universitario,Gratis/Reducido,Ninguna,74,81,76,77.0,C
Femenino,Grupo B,Algun estudio universitario,Gratis/Reducido,Ninguna,58,61,66,62.0,D
Masculino,Grupo D,Algun estudio de secundaria,Gratis/Reducido,Completado,80,79,79,79.0,C
Masculino,Grupo C,Algun estudio universitario,Gratis/Reducido,Ninguna,35,28,27,30.0,F
Femenino,Grupo C,Escuela secundaria,Gratis/Reducido,Ninguna,42,62,60,55.0,F
Masculino,Grupo C,Título de asociado,Gratis/Reducido,Completado,60,51,56,56.0,F
Masculino,Grupo E,Escuela secundaria,Estándar,Completado,87,91,81,86.0,B
Masculino,Grupo B,Algun estudio de secundaria,Estándar,Completado,84,83,75,81.0,B
Femenino,Grupo E,Título de asociado,Gratis/Reducido,Completado,83,86,88,86.0,B
Femenino,Grupo C,Escuela secundaria,Gratis/Reducido,Ninguna,34,42,39,38.0,F
Masculino,Grupo B,Escuela secundaria,Gratis/Reducido,Ninguna,66,77,70,71.0,C
Masculino,Grupo B,Algun estudio de secundaria,Estándar,Completado,61,56,56,58.0,F
Femenino,Grupo D,Escuela secundaria,Estándar,Completado,56,68,74,66.0,D
Masculino,Grupo B,Título de asociado,Estándar,Ninguna,87,85,73,82.0,B
Femenino,Grupo C,Algun estudio de secundaria,Gratis/Reducido,Ninguna,55,65,62,61.0,D
Masculino,Grupo D,Algun estudio de secundaria,Estándar,Ninguna,86,80,75,80.0,B
Femenino,Grupo B,Título de asociado,Estándar,Completado,52,66,73,64.0,D
Femenino,Grupo E,Título de maestría,Gratis/Reducido,Ninguna,45,56,54,52.0,F
Femenino,Grupo C,Algun estudio universitario,Estándar,Ninguna,72,72,71,72.0,C
Masculino,Grupo D,Escuela secundaria,Estándar,Ninguna,57,50,54,54.0,F
Masculino,Grupo A,Algun estudio de secundaria,Gratis/Reducido,Ninguna,68,72,64,68.0,D
Femenino,Grupo C,Algun estudio universitario,Estándar,Completado,88,95,94,92.0,A
Masculino,Grupo D,Algun estudio universitario,Estándar,Ninguna,76,64,66,69.0,D
Masculino,Grupo C,Título de asociado,Estándar,Ninguna,46,43,42,44.0,F
Femenino,Grupo B,Licenciatura,Estándar,Ninguna,67,86,83,79.0,C
Masculino,Grupo E,Algun estudio de secundaria,Estándar,Ninguna,92,87,78,86.0,B
Masculino,Grupo C,Licenciatura,Estándar,Completado,83,82,84,83.0,B
Masculino,Grupo D,Título de asociado,Estándar,Ninguna,80,75,77,77.0,C
Masculino,Grupo D,Licenciatura,Gratis/Reducido,Ninguna,63,66,67,65.0,D
Femenino,Grupo D,Algun estudio de secundaria,Estándar,Completado,64,60,74,66.0,D
Masculino,Grupo B,Algun estudio universitario,Estándar,Ninguna,54,52,51,52.0,F
Masculino,Grupo C,Título de asociado,Estándar,Ninguna,84,80,80,81.0,B
Masculino,Grupo D,Escuela secundaria,Gratis/Reducido,Completado,73,68,66,69.0,D
Femenino,Grupo E,Licenciatura,Estándar,Ninguna,80,83,83,82.0,B
Femenino,Grupo D,Escuela secundaria,Estándar,Ninguna,56,52,55,54.0,F
Masculino,Grupo E,Algun estudio universitario,Estándar,Ninguna,59,51,43,51.0,F
Masculino,Grupo D,Algun estudio de secundaria,Estándar,Ninguna,75,74,69,73.0,C
Masculino,Grupo C,Título de asociado,Estándar,Ninguna,85,76,71,77.0,C
Masculino,Grupo E,Título de asociado,Estándar,Ninguna,89,76,74,80.0,B
Femenino,Grupo B,Escuela secundaria,Estándar,Completado,58,70,68,65.0,D
Femenino,Grupo B,Escuela secundaria,Estándar,Ninguna,65,64,62,64.0,D
Masculino,Grupo C,Escuela secundaria,Estándar,Ninguna,68,60,53,60.0,D
Masculino,Grupo A,Algun estudio de secundaria,Estándar,Completado,47,49,49,48.0,F
Femenino,Grupo D,Algun estudio universitario,Gratis/Reducido,Ninguna,71,83,83,79.0,C
Femenino,Grupo B,Algun estudio de secundaria,Estándar,Completado,60,70,70,67.0,D
Masculino,Grupo D,Título de maestría,Estándar,Ninguna,80,80,72,77.0,C
Masculino,Grupo D,Escuela secundaria,Estándar,Ninguna,54,52,52,53.0,F
Femenino,Grupo E,Algun estudio universitario,Estándar,Ninguna,62,73,70,68.0,D
Femenino,Grupo C,Título de asociado,Gratis/Reducido,Ninguna,64,73,68,68.0,D
Masculino,Grupo C,Título de asociado,Estándar,Completado,78,77,77,77.0,C
Femenino,Grupo B,Algun estudio universitario,Estándar,Ninguna,70,75,78,74.0,C
Femenino,Grupo C,Título de maestría,Gratis/Reducido,Completado,65,81,81,76.0,C
Femenino,Grupo C,Algun estudio de secundaria,Gratis/Reducido,Completado,64,79,77,73.0,C
Masculino,Grupo C,Algun estudio universitario,Estándar,Completado,79,79,78,79.0,C
Femenino,Grupo C,Algun estudio de secundaria,Gratis/Reducido,Ninguna,44,50,51,48.0,F
Femenino,Grupo E,Escuela secundaria,Estándar,Ninguna,99,93,90,94.0,A
Masculino,Grupo D,Escuela secundaria,Estándar,Ninguna,76,73,68,72.0,C
Masculino,Grupo D,Algun estudio de secundaria,Gratis/Reducido,Ninguna,59,42,41,47.0,F
Femenino,Grupo C,Licenciatura,Estándar,Ninguna,63,75,81,73.0,C
Femenino,Grupo D,Escuela secundaria,Estándar,Ninguna,69,72,77,73.0,C
Femenino,Grupo D,Título de asociado,Estándar,Completado,88,92,95,92.0,A
Femenino,Grupo E,Algun estudio universitario,Gratis/Reducido,Ninguna,71,76,70,72.0,C
Masculino,Grupo C,Licenciatura,Estándar,Ninguna,69,63,61,64.0,D
Masculino,Grupo C,Algun estudio universitario,Estándar,Ninguna,58,49,42,50.0,F
Femenino,Grupo D,Título de asociado,Gratis/Reducido,Ninguna,47,53,58,53.0,F
Femenino,Grupo D,Algun estudio universitario,Estándar,Ninguna,65,70,71,69.0,D
Masculino,Grupo B,Algun estudio universitario,Estándar,Completado,88,85,76,83.0,B
Masculino,Grupo C,Licenciatura,Estándar,Ninguna,83,78,73,78.0,C
Femenino,Grupo C,Algun estudio de secundaria,Estándar,Completado,85,92,93,90.0,A
Femenino,Grupo E,Escuela secundaria,Estándar,Completado,59,63,75,66.0,D
Femenino,Grupo C,Algun estudio de secundaria,Gratis/Reducido,Ninguna,65,86,80,77.0,C
Masculino,Grupo B,Licenciatura,Gratis/Reducido,Ninguna,73,56,57,62.0,D
Masculino,Grupo D,Escuela secundaria,Estándar,Ninguna,53,52,42,49.0,F
Masculino,Grupo D,Escuela secundaria,Estándar,Ninguna,45,48,46,46.0,F
Femenino,Grupo D,Licenciatura,Gratis/Reducido,Ninguna,73,79,84,79.0,C
Femenino,Grupo D,Algun estudio universitario,Gratis/Reducido,Completado,70,78,78,75.0,C
Femenino,Grupo B,Algun estudio de secundaria,Estándar,Ninguna,37,46,46,43.0,F
Masculino,Grupo B,Título de asociado,Estándar,Completado,81,82,82,82.0,B
Masculino,Grupo E,Título de asociado,Estándar,Completado,97,82,88,89.0,B
Femenino,Grupo B,Algun estudio de secundaria,Estándar,Ninguna,67,89,82,79.0,C
Masculino,Grupo B,Licenciatura,Gratis/Reducido,Ninguna,88,75,76,80.0,B
Masculino,Grupo E,Algun estudio de secundaria,Estándar,Completado,77,76,77,77.0,C
Masculino,Grupo C,Título de asociado,Estándar,Ninguna,76,70,68,71.0,C
Masculino,Grupo D,Algun estudio de secundaria,Estándar,Ninguna,86,73,70,76.0,C
Masculino,Grupo C,Algun estudio de secundaria,Estándar,Completado,63,60,57,60.0,D
Femenino,Grupo E,Licenciatura,Estándar,Ninguna,65,73,75,71.0,C
Masculino,Grupo D,Escuela secundaria,Gratis/Reducido,Completado,78,77,80,78.0,C
Masculino,Grupo B,Título de asociado,Gratis/Reducido,Ninguna,67,62,60,63.0,D
Masculino,Grupo A,Algun estudio de secundaria,Estándar,Completado,46,41,43,43.0,F
Masculino,Grupo E,Título de asociado,Estándar,Completado,71,74,68,71.0,C
Masculino,Grupo C,Escuela secundaria,Gratis/Reducido,Completado,40,46,50,45.0,F
Masculino,Grupo D,Título de asociado,Gratis/Reducido,Ninguna,90,87,75,84.0,B
Masculino,Grupo A,Algun estudio universitario,Gratis/Reducido,Completado,81,78,81,80.0,B
Masculino,Grupo D,Algun estudio de secundaria,Gratis/Reducido,Ninguna,56,54,52,54.0,F
Femenino,Grupo C,Título de asociado,Estándar,Completado,67,84,81,77.0,C
Masculino,Grupo B,Título de asociado,Estándar,Ninguna,80,76,64,73.0,C
Femenino,Grupo C,Título de asociado,Estándar,Completado,74,75,83,77.0,C
Masculino,Grupo A,Algun estudio universitario,Estándar,Ninguna,69,67,69,68.0,D
Masculino,Grupo E,Algun estudio universitario,Estándar,Completado,99,87,81,89.0,B
Masculino,Grupo C,Algun estudio de secundaria,Estándar,Ninguna,51,52,44,49.0,F
Femenino,Grupo B,Título de asociado,Gratis/Reducido,Ninguna,53,71,67,64.0,D
Femenino,Grupo D,Escuela secundaria,Gratis/Reducido,Ninguna,49,57,52,53.0,F
Femenino,Grupo B,Título de asociado,Estándar,Ninguna,73,76,80,76.0,C
Masculino,Grupo B,Licenciatura,Estándar,Ninguna,66,60,57,61.0,D
Masculino,Grupo D,Licenciatura,Estándar,Completado,67,61,68,65.0,D
Femenino,Grupo C,Título de asociado,Gratis/Reducido,Completado,68,67,69,68.0,D
Femenino,Grupo C,Licenciatura,Estándar,Completado,59,64,75,66.0,D
Masculino,Grupo C,Escuela secundaria,Estándar,Ninguna,71,66,65,67.0,D
Femenino,Grupo D,Título de maestría,Estándar,Completado,77,82,91,83.0,B
Masculino,Grupo C,Título de asociado,Estándar,Ninguna,83,72,78,78.0,C
Masculino,Grupo B,Licenciatura,Estándar,Ninguna,63,71,69,68.0,D
Femenino,Grupo D,Título de asociado,Gratis/Reducido,Ninguna,56,65,63,61.0,D
Femenino,Grupo C,Escuela secundaria,Gratis/Reducido,Completado,67,79,84,77.0,C
Femenino,Grupo E,Escuela secundaria,Estándar,Ninguna,75,86,79,80.0,B
Femenino,Grupo C,Algun estudio universitario,Estándar,Ninguna,71,81,80,77.0,C
Femenino,Grupo C,Algun estudio de secundaria,Gratis/Reducido,Ninguna,43,53,53,50.0,F
Femenino,Grupo C,Escuela secundaria,Gratis/Reducido,Ninguna,41,46,43,43.0,F
Femenino,Grupo C,Algun estudio universitario,Estándar,Ninguna,82,90,94,89.0,B
Masculino,Grupo C,Algun estudio universitario,Estándar,Ninguna,61,61,62,61.0,D
Masculino,Grupo A,Algun estudio universitario,Gratis/Reducido,Ninguna,28,23,19,23.0,F
Masculino,Grupo C,Título de asociado,Estándar,Completado,82,75,77,78.0,C
Femenino,Grupo B,Algun estudio de secundaria,Estándar,Ninguna,41,55,51,49.0,F
Masculino,Grupo C,Escuela secundaria,Estándar,Ninguna,71,60,61,64.0,D
Masculino,Grupo C,Título de asociado,Estándar,Ninguna,47,37,35,40.0,F
Masculino,Grupo E,Título de asociado,Estándar,Completado,62,56,53,57.0,F
Masculino,Grupo B,Título de asociado,Estándar,Ninguna,90,78,81,83.0,B
Femenino,Grupo C,Licenciatura,Estándar,Ninguna,83,93,95,90.0,A
Femenino,Grupo B,Algun estudio universitario,Gratis/Reducido,Ninguna,61,68,66,65.0,D
Masculino,Grupo D,Algun estudio de secundaria,Estándar,Completado,76,70,69,72.0,C
Masculino,Grupo C,Título de asociado,Estándar,Ninguna,49,51,43,48.0,F
Femenino,Grupo B,Algun estudio de secundaria,Gratis/Reducido,Ninguna,24,38,27,30.0,F
Femenino,Grupo D,Algun estudio de secundaria,Gratis/Reducido,Completado,35,55,60,50.0,F
Masculino,Grupo C,Escuela secundaria,Gratis/Reducido,Ninguna,58,61,52,57.0,F
Femenino,Grupo C,Escuela secundaria,Estándar,Ninguna,61,73,63,66.0,D
Femenino,Grupo B,Escuela secundaria,Estándar,Completado,69,76,74,73.0,C
Masculino,Grupo D,Título de asociado,Estándar,Completado,67,72,67,69.0,D
Masculino,Grupo D,Algun estudio universitario,Estándar,Ninguna,79,73,67,73.0,C
Femenino,Grupo C,Escuela secundaria,Estándar,Ninguna,72,80,75,76.0,C
Masculino,Grupo B,Algun estudio universitario,Estándar,Ninguna,62,61,57,60.0,D
Femenino,Grupo C,Licenciatura,Estándar,Completado,77,94,95,89.0,B
Masculino,Grupo D,Escuela secundaria,Gratis/Reducido,Ninguna,75,74,66,72.0,C
Masculino,Grupo E,Título de asociado,Estándar,Ninguna,87,74,76,79.0,C
Femenino,Grupo B,Licenciatura,Estándar,Ninguna,52,65,69,62.0,D
Masculino,Grupo E,Algun estudio universitario,Estándar,Ninguna,66,57,52,58.0,F
Femenino,Grupo C,Algun estudio universitario,Estándar,Completado,63,78,80,74.0,C
Femenino,Grupo C,Título de asociado,Estándar,Ninguna,46,58,57,54.0,F
Femenino,Grupo C,Algun estudio universitario,Estándar,Ninguna,59,71,70,67.0,D
Femenino,Grupo B,Licenciatura,Estándar,Ninguna,61,72,70,68.0,D
Masculino,Grupo A,Título de asociado,Estándar,Ninguna,63,61,61,62.0,D
Femenino,Grupo C,Algun estudio universitario,Gratis/Reducido,Completado,42,66,69,59.0,F
Masculino,Grupo D,Algun estudio universitario,Gratis/Reducido,Ninguna,59,62,61,61.0,D
Femenino,Grupo D,Algun estudio universitario,Estándar,Ninguna,80,90,89,86.0,B
Femenino,Grupo B,Escuela secundaria,Estándar,Ninguna,58,62,59,60.0,D
Masculino,Grupo B,Algun estudio de secundaria,Estándar,Completado,85,84,78,82.0,B
Femenino,Grupo C,Algun estudio universitario,Estándar,Ninguna,52,58,58,56.0,F
Femenino,Grupo D,Algun estudio de secundaria,Gratis/Reducido,Ninguna,27,34,32,31.0,F
Masculino,Grupo C,Algun estudio universitario,Estándar,Ninguna,59,60,58,59.0,F
Masculino,Grupo A,Licenciatura,Gratis/Reducido,Completado,49,58,60,56.0,F
Masculino,Grupo C,Escuela secundaria,Estándar,Completado,69,58,53,60.0,D
Masculino,Grupo C,Licenciatura,Gratis/Reducido,Ninguna,61,66,61,63.0,D
Femenino,Grupo A,Algun estudio de secundaria,Gratis/Reducido,Ninguna,44,64,58,55.0,F
Femenino,Grupo D,Algun estudio de secundaria,Estándar,Ninguna,73,84,85,81.0,B
Masculino,Grupo E,Algun estudio universitario,Estándar,Ninguna,84,77,71,77.0,C
Femenino,Grupo C,Algun estudio universitario,Gratis/Reducido,Completado,45,73,70,63.0,D
Masculino,Grupo D,Algun estudio de secundaria,Estándar,Ninguna,74,74,72,73.0,C
Femenino,Grupo D,Algun estudio universitario,Estándar,Completado,82,97,96,92.0,A
Femenino,Grupo D,Licenciatura,Estándar,Ninguna,59,70,73,67.0,D
Masculino,Grupo E,Título de asociado,Gratis/Reducido,Ninguna,46,43,41,43.0,F
Femenino,Grupo D,Algun estudio de secundaria,Estándar,Ninguna,80,90,82,84.0,B
Femenino,Grupo D,Título de maestría,Gratis/Reducido,Completado,85,95,100,93.0,A
Femenino,Grupo A,Algun estudio de secundaria,Estándar,Ninguna,71,83,77,77.0,C
Masculino,Grupo A,Licenciatura,Estándar,Ninguna,66,64,62,64.0,D
Femenino,Grupo B,Título de asociado,Estándar,Ninguna,80,86,83,83.0,B
Masculino,Grupo C,Título de asociado,Estándar,Completado,87,100,95,94.0,A
Masculino,Grupo C,Título de maestría,Gratis/Reducido,Ninguna,79,81,71,77.0,C
Femenino,Grupo E,Algun estudio de secundaria,Gratis/Reducido,Ninguna,38,49,45,44.0,F
Femenino,Grupo A,Algun estudio de secundaria,Gratis/Reducido,Ninguna,38,43,43,41.0,F
Femenino,Grupo E,Algun estudio universitario,Estándar,Ninguna,67,76,75,73.0,C
Femenino,Grupo E,Licenciatura,Estándar,Ninguna,64,73,70,69.0,D
Femenino,Grupo C,Título de asociado,Gratis/Reducido,Ninguna,57,78,67,67.0,D
Femenino,Grupo D,Escuela secundaria,Estándar,Ninguna,62,64,64,63.0,D
Masculino,Grupo D,Título de maestría,Estándar,Ninguna,73,70,75,73.0,C
Masculino,Grupo E,Algun estudio de secundaria,Gratis/Reducido,Completado,73,67,59,66.0,D
Femenino,Grupo D,Algun estudio universitario,Estándar,Ninguna,77,68,77,74.0,C
Masculino,Grupo E,Algun estudio universitario,Estándar,Ninguna,76,67,67,70.0,C
Masculino,Grupo C,Título de asociado,Estándar,Completado,57,54,56,56.0,F
Femenino,Grupo C,Algun estudio de secundaria,Estándar,Completado,65,74,77,72.0,C
Masculino,Grupo A,Escuela secundaria,Gratis/Reducido,Ninguna,48,45,41,45.0,F
Femenino,Grupo B,Escuela secundaria,Gratis/Reducido,Ninguna,50,67,63,60.0,D
Femenino,Grupo C,Título de asociado,Estándar,Ninguna,85,89,95,90.0,A
Masculino,Grupo B,Algun estudio de secundaria,Estándar,Ninguna,74,63,57,65.0,D
Masculino,Grupo D,Algun estudio de secundaria,Estándar,Ninguna,60,59,54,58.0,F
Femenino,Grupo C,Algun estudio de secundaria,Estándar,Completado,59,54,67,60.0,D
Masculino,Grupo A,Algun estudio universitario,Estándar,Ninguna,53,43,43,46.0,F
Femenino,Grupo A,Algun estudio universitario,Gratis/Reducido,Ninguna,49,65,55,56.0,F
Femenino,Grupo D,Escuela secundaria,Estándar,Completado,88,99,100,96.0,A
Femenino,Grupo C,Escuela secundaria,Estándar,Ninguna,54,59,62,58.0,F
Femenino,Grupo C,Algun estudio de secundaria,Estándar,Ninguna,63,73,68,68.0,D
Masculino,Grupo B,Título de asociado,Estándar,Completado,65,65,63,64.0,D
Femenino,Grupo B,Título de asociado,Estándar,Ninguna,82,80,77,80.0,B
Femenino,Grupo D,Escuela secundaria,Gratis/Reducido,Completado,52,57,56,55.0,F
Masculino,Grupo D,Título de asociado,Estándar,Completado,87,84,85,85.0,B
Femenino,Grupo D,Título de maestría,Estándar,Completado,70,71,74,72.0,C
Masculino,Grupo E,Algun estudio universitario,Estándar,Completado,84,83,78,82.0,B
Masculino,Grupo D,Título de asociado,Estándar,Ninguna,71,66,60,66.0,D
Masculino,Grupo B,Algun estudio de secundaria,Estándar,Completado,63,67,67,66.0,D
Femenino,Grupo C,Licenciatura,Gratis/Reducido,Completado,51,72,79,67.0,D
Masculino,Grupo E,Escuela secundaria,Estándar,Ninguna,84,73,69,75.0,C
Masculino,Grupo C,Licenciatura,Estándar,Completado,71,74,68,71.0,C
Masculino,Grupo C,Título de asociado,Estándar,Ninguna,74,73,67,71.0,C
Masculino,Grupo D,Algun estudio universitario,Estándar,Ninguna,68,59,62,63.0,D
Masculino,Grupo E,Escuela secundaria,Gratis/Reducido,Completado,57,56,54,56.0,F
Femenino,Grupo C,Título de asociado,Gratis/Reducido,Completado,82,93,93,89.0,B
Femenino,Grupo D,Escuela secundaria,Estándar,Completado,57,58,64,60.0,D
Femenino,Grupo D,Título de maestría,Gratis/Reducido,Completado,47,58,67,57.0,F
Femenino,Grupo A,Algun estudio de secundaria,Estándar,Completado,59,85,80,75.0,C
Masculino,Grupo B,Algun estudio universitario,Gratis/Reducido,Ninguna,41,39,34,38.0,F
Femenino,Grupo C,Algun estudio universitario,Gratis/Reducido,Ninguna,62,67,62,64.0,D
Masculino,Grupo C,Licenciatura,Estándar,Ninguna,86,83,86,85.0,B
Masculino,Grupo C,Algun estudio de secundaria,Gratis/Reducido,Ninguna,69,71,65,68.0,D
Masculino,Grupo A,Algun estudio de secundaria,Gratis/Reducido,Ninguna,65,59,53,59.0,F
Masculino,Grupo C,Algun estudio de secundaria,Gratis/Reducido,Ninguna,68,63,54,62.0,D
Masculino,Grupo C,Título de asociado,Gratis/Reducido,Ninguna,64,66,59,63.0,D
Femenino,Grupo C,Escuela secundaria,Estándar,Ninguna,61,72,70,68.0,D
Masculino,Grupo C,Escuela secundaria,Estándar,Ninguna,61,56,55,57.0,F
Femenino,Grupo A,Algun estudio de secundaria,Gratis/Reducido,Ninguna,47,59,50,52.0,F
Masculino,Grupo C,Algun estudio de secundaria,Estándar,Ninguna,73,66,66,68.0,D
Masculino,Grupo C,Algun estudio universitario,Gratis/Reducido,Completado,50,48,53,50.0,F
Masculino,Grupo D,Título de asociado,Estándar,Ninguna,75,68,64,69.0,D
Masculino,Grupo D,Título de asociado,Gratis/Reducido,Ninguna,75,66,73,71.0,C
Masculino,Grupo C,Escuela secundaria,Estándar,Ninguna,70,56,51,59.0,F
Masculino,Grupo D,Algun estudio de secundaria,Estándar,Completado,89,88,82,86.0,B
Femenino,Grupo C,Algun estudio universitario,Estándar,Completado,67,81,79,76.0,C
Femenino,Grupo D,Escuela secundaria,Estándar,Ninguna,78,81,80,80.0,B
Femenino,Grupo A,Algun estudio de secundaria,Gratis/Reducido,Ninguna,59,73,69,67.0,D
Femenino,Grupo B,Título de asociado,Estándar,Ninguna,73,83,76,77.0,C
Masculino,Grupo A,Algun estudio de secundaria,Gratis/Reducido,Ninguna,79,82,73,78.0,C
Femenino,Grupo C,Algun estudio de secundaria,Estándar,Completado,67,74,77,73.0,C
Masculino,Grupo D,Algun estudio universitario,Gratis/Reducido,Ninguna,69,66,60,65.0,D
Masculino,Grupo C,Escuela secundaria,Estándar,Completado,86,81,80,82.0,B
Masculino,Grupo B,Escuela secundaria,Estándar,Ninguna,47,46,42,45.0,F
Masculino,Grupo B,Título de asociado,Estándar,Ninguna,81,73,72,75.0,C
Femenino,Grupo C,Algun estudio universitario,Gratis/Reducido,Completado,64,85,85,78.0,C
Femenino,Grupo E,Algun estudio universitario,Estándar,Ninguna,100,92,97,96.0,A
Femenino,Grupo C,Título de asociado,Gratis/Reducido,Ninguna,65,77,74,72.0,C
Masculino,Grupo C,Algun estudio universitario,Gratis/Reducido,Ninguna,65,58,49,57.0,F
Femenino,Grupo C,Título de asociado,Gratis/Reducido,Ninguna,53,61,62,59.0,F
Masculino,Grupo C,Licenciatura,Gratis/Reducido,Ninguna,37,56,47,47.0,F
Femenino,Grupo D,Licenciatura,Estándar,Ninguna,79,89,89,86.0,B
Masculino,Grupo D,Título de asociado,Gratis/Reducido,Ninguna,53,54,48,52.0,F
Femenino,Grupo E,Licenciatura,Estándar,Ninguna,100,100,100,100.0,A
Masculino,Grupo B,Escuela secundaria,Estándar,Completado,72,65,68,68.0,D
Masculino,Grupo C,Licenciatura,Gratis/Reducido,Ninguna,53,58,55,55.0,F
Masculino,Grupo B,Algun estudio universitario,Gratis/Reducido,Ninguna,54,54,45,51.0,F
Femenino,Grupo E,Algun estudio universitario,Estándar,Ninguna,71,70,76,72.0,C
Femenino,Grupo C,Algun estudio universitario,Gratis/Reducido,Ninguna,77,90,91,86.0,B
Masculino,Grupo A,Licenciatura,Estándar,Completado,75,58,62,65.0,D
Femenino,Grupo C,Algun estudio universitario,Estándar,Ninguna,84,87,91,87.0,B
Femenino,Grupo D,Título de asociado,Gratis/Reducido,Ninguna,26,31,38,32.0,F
Masculino,Grupo A,Escuela secundaria,Gratis/Reducido,Completado,72,67,65,68.0,D
Femenino,Grupo A,Escuela secundaria,Gratis/Reducido,Completado,77,88,85,83.0,B
Masculino,Grupo C,Algun estudio universitario,Estándar,Ninguna,91,74,76,80.0,B
Femenino,Grupo C,Título de asociado,Estándar,Completado,83,85,90,86.0,B
Femenino,Grupo C,Escuela secundaria,Estándar,Ninguna,63,69,74,69.0,D
Femenino,Grupo C,Título de asociado,Estándar,Completado,68,86,84,79.0,C
Femenino,Grupo D,Algun estudio de secundaria,Estándar,Ninguna,59,67,61,62.0,D
Femenino,Grupo B,Título de asociado,Estándar,Completado,90,90,91,90.0,A
Femenino,Grupo D,Licenciatura,Estándar,Completado,71,76,83,77.0,C
Masculino,Grupo E,Licenciatura,Estándar,Completado,76,62,66,68.0,D
Masculino,Grupo D,Título de asociado,Estándar,Ninguna,80,68,72,73.0,C
Femenino,Grupo D,Título de maestría,Estándar,Ninguna,55,64,70,63.0,D
Masculino,Grupo E,Título de asociado,Estándar,Ninguna,76,71,67,71.0,C
Masculino,Grupo B,Escuela secundaria,Estándar,Completado,73,71,68,71.0,C
Femenino,Grupo D,Título de asociado,Gratis/Reducido,Ninguna,52,59,56,56.0,F
Masculino,Grupo C,Algun estudio universitario,Gratis/Reducido,Ninguna,68,68,61,66.0,D
Masculino,Grupo A,Escuela secundaria,Estándar,Ninguna,59,52,46,52.0,F
Femenino,Grupo B,Título de asociado,Estándar,Ninguna,49,52,54,52.0,F
Masculino,Grupo C,Escuela secundaria,Estándar,Ninguna,70,74,71,72.0,C
Masculino,Grupo D,Algun estudio universitario,Gratis/Reducido,Ninguna,61,47,56,55.0,F
Femenino,Grupo C,Título de asociado,Gratis/Reducido,Ninguna,60,75,74,70.0,C
Masculino,Grupo B,Algun estudio de secundaria,Estándar,Completado,64,53,57,58.0,F
Masculino,Grupo A,Título de asociado,Gratis/Reducido,Completado,79,82,82,81.0,B
Femenino,Grupo A,Título de asociado,Gratis/Reducido,Ninguna,65,85,76,75.0,C
Femenino,Grupo C,Título de asociado,Estándar,Ninguna,64,64,70,66.0,D
Femenino,Grupo C,Algun estudio universitario,Estándar,Ninguna,83,83,90,85.0,B
Femenino,Grupo C,Licenciatura,Estándar,Ninguna,81,88,90,86.0,B
Femenino,Grupo B,Escuela secundaria,Estándar,Ninguna,54,64,68,62.0,D
Masculino,Grupo D,Escuela secundaria,Estándar,Completado,68,64,66,66.0,D
Femenino,Grupo C,Algun estudio universitario,Estándar,Ninguna,54,48,52,51.0,F
Femenino,Grupo D,Algun estudio universitario,Gratis/Reducido,Completado,59,78,76,71.0,C
Femenino,Grupo B,Algun estudio de secundaria,Estándar,Ninguna,66,69,68,68.0,D
Masculino,Grupo E,Algun estudio universitario,Estándar,Ninguna,76,71,72,73.0,C
Femenino,Grupo D,Título de maestría,Estándar,Ninguna,74,79,82,78.0,C
Femenino,Grupo B,Título de asociado,Estándar,Completado,94,87,92,91.0,A
Masculino,Grupo C,Algun estudio universitario,Gratis/Reducido,Ninguna,63,61,54,59.0,F
Femenino,Grupo E,Título de asociado,Estándar,Completado,95,89,92,92.0,A
Femenino,Grupo D,Título de maestría,Gratis/Reducido,Ninguna,40,59,54,51.0,F
Femenino,Grupo B,Algun estudio de secundaria,Estándar,Ninguna,82,82,80,81.0,B
Masculino,Grupo A,Escuela secundaria,Estándar,Ninguna,68,70,66,68.0,D
Masculino,Grupo B,Licenciatura,Gratis/Reducido,Ninguna,55,59,54,56.0,F
Masculino,Grupo C,Título de maestría,Estándar,Ninguna,79,78,77,78.0,C
Femenino,Grupo C,Licenciatura,Estándar,Ninguna,86,92,87,88.0,B
Masculino,Grupo D,Algun estudio universitario,Estándar,Ninguna,76,71,73,73.0,C
Masculino,Grupo A,Algun estudio de secundaria,Estándar,Ninguna,64,50,43,52.0,F
Masculino,Grupo D,Algun estudio de secundaria,Gratis/Reducido,Ninguna,62,49,52,54.0,F
Femenino,Grupo B,Algun estudio de secundaria,Estándar,Completado,54,61,62,59.0,F
Femenino,Grupo B,Título de maestría,Gratis/Reducido,Completado,77,97,94,89.0,B
Femenino,Grupo C,Algun estudio de secundaria,Estándar,Completado,76,87,85,83.0,B
Femenino,Grupo D,Algun estudio universitario,Estándar,Ninguna,74,89,84,82.0,B
Femenino,Grupo E,Algun estudio universitario,Estándar,Completado,66,74,73,71.0,C
Femenino,Grupo D,Algun estudio de secundaria,Estándar,Completado,66,78,78,74.0,C
Femenino,Grupo B,Escuela secundaria,Gratis/Reducido,Completado,67,78,79,75.0,C
Masculino,Grupo D,Algun estudio universitario,Estándar,Ninguna,71,49,52,57.0,F
Femenino,Grupo C,Título de asociado,Estándar,Ninguna,91,86,84,87.0,B
Masculino,Grupo D,Licenciatura,Estándar,Ninguna,69,58,57,61.0,D
Masculino,Grupo C,Título de maestría,Gratis/Reducido,Ninguna,54,59,50,54.0,F
Masculino,Grupo C,Escuela secundaria,Estándar,Completado,53,52,49,51.0,F
Masculino,Grupo E,Algun estudio universitario,Estándar,Ninguna,68,60,59,62.0,D
Masculino,Grupo C,Algun estudio de secundaria,Gratis/Reducido,Completado,56,61,60,59.0,F
Femenino,Grupo C,Escuela secundaria,Gratis/Reducido,Ninguna,36,53,43,44.0,F
Femenino,Grupo D,Licenciatura,Gratis/Reducido,Ninguna,29,41,47,39.0,F
Femenino,Grupo C,Título de asociado,Estándar,Ninguna,62,74,70,69.0,D
Femenino,Grupo C,Título de asociado,Estándar,Completado,68,67,73,69.0,D
Femenino,Grupo C,Algun estudio de secundaria,Estándar,Ninguna,47,54,53,51.0,F
Masculino,Grupo E,Título de asociado,Estándar,Completado,62,61,58,60.0,D
Femenino,Grupo E,Título de asociado,Estándar,Completado,79,88,94,87.0,B
Masculino,Grupo B,Escuela secundaria,Estándar,Completado,73,69,68,70.0,C
Femenino,Grupo C,Licenciatura,Gratis/Reducido,Completado,66,83,83,77.0,C
Masculino,Grupo C,Título de asociado,Estándar,Completado,51,60,58,56.0,F
Femenino,Grupo D,Escuela secundaria,Estándar,Ninguna,51,66,62,60.0,D
Masculino,Grupo E,Licenciatura,Estándar,Completado,85,66,71,74.0,C
Masculino,Grupo A,Título de asociado,Estándar,Completado,97,92,86,92.0,A
Masculino,Grupo C,Escuela secundaria,Estándar,Completado,75,69,68,71.0,C
Masculino,Grupo D,Título de asociado,Gratis/Reducido,Completado,79,82,80,80.0,B
Femenino,Grupo C,Título de asociado,Estándar,Ninguna,81,77,79,79.0,C
Femenino,Grupo D,Título de asociado,Estándar,Ninguna,82,95,89,89.0,B
Femenino,Grupo D,Título de maestría,Estándar,Ninguna,64,63,66,64.0,D
Masculino,Grupo E,Algun estudio de secundaria,Gratis/Reducido,Completado,78,83,80,80.0,B
Femenino,Grupo A,Algun estudio de secundaria,Estándar,Completado,92,100,97,96.0,A
Masculino,Grupo C,Escuela secundaria,Estándar,Completado,72,67,64,68.0,D
Femenino,Grupo C,Escuela secundaria,Gratis/Reducido,Ninguna,62,67,64,64.0,D
Masculino,Grupo C,Título de maestría,Estándar,Ninguna,79,72,69,73.0,C
Masculino,Grupo C,Algun estudio de secundaria,Gratis/Reducido,Ninguna,79,76,65,73.0,C
Masculino,Grupo B,Licenciatura,Gratis/Reducido,Completado,87,90,88,88.0,B
Femenino,Grupo B,Título de asociado,Estándar,Ninguna,40,48,50,46.0,F
Masculino,Grupo D,Algun estudio universitario,Gratis/Reducido,Ninguna,77,62,64,68.0,D
Masculino,Grupo E,Título de asociado,Estándar,Ninguna,53,45,40,46.0,F
Femenino,Grupo C,Algun estudio universitario,Gratis/Reducido,Ninguna,32,39,33,35.0,F
Femenino,Grupo C,Título de asociado,Estándar,Completado,55,72,79,69.0,D
Masculino,Grupo C,Título de maestría,Gratis/Reducido,Ninguna,61,67,66,65.0,D
Femenino,Grupo B,Título de asociado,Gratis/Reducido,Ninguna,53,70,70,64.0,D
Masculino,Grupo D,Algun estudio de secundaria,Estándar,Ninguna,73,66,62,67.0,D
Femenino,Grupo D,Algun estudio universitario,Estándar,Completado,74,75,79,76.0,C
Femenino,Grupo C,Algun estudio universitario,Estándar,Ninguna,63,74,74,70.0,C
Masculino,Grupo C,Licenciatura,Estándar,Completado,96,90,92,93.0,A
Femenino,Grupo D,Algun estudio universitario,Gratis/Reducido,Completado,63,80,80,74.0,C
Masculino,Grupo B,Licenciatura,Gratis/Reducido,Ninguna,48,51,46,48.0,F
Masculino,Grupo B,Título de asociado,Estándar,Ninguna,48,43,45,45.0,F
Femenino,Grupo E,Licenciatura,Gratis/Reducido,Completado,92,100,100,97.0,A
Femenino,Grupo D,Título de maestría,Gratis/Reducido,Completado,61,71,78,70.0,C
Masculino,Grupo B,Escuela secundaria,Gratis/Reducido,Ninguna,63,48,47,53.0,F
Masculino,Grupo D,Licenciatura,Gratis/Reducido,Ninguna,68,68,67,68.0,D
Masculino,Grupo B,Algun estudio universitario,Estándar,Completado,71,75,70,72.0,C
Masculino,Grupo A,Licenciatura,Estándar,Ninguna,91,96,92,93.0,A
Femenino,Grupo C,Algun estudio universitario,Estándar,Ninguna,53,62,56,57.0,F
Femenino,Grupo C,Escuela secundaria,Gratis/Reducido,Completado,50,66,64,60.0,D
Femenino,Grupo E,Escuela secundaria,Estándar,Ninguna,74,81,71,75.0,C
Masculino,Grupo A,Título de asociado,Gratis/Reducido,Completado,40,55,53,49.0,F
Masculino,Grupo A,Algun estudio universitario,Estándar,Completado,61,51,52,55.0,F
Femenino,Grupo B,Escuela secundaria,Estándar,Ninguna,81,91,89,87.0,B
Femenino,Grupo B,Algun estudio universitario,Gratis/Reducido,Completado,48,56,58,54.0,F
Femenino,Grupo D,Título de maestría,Estándar,Ninguna,53,61,68,61.0,D
Femenino,Grupo D,Algun estudio de secundaria,Estándar,Ninguna,81,97,96,91.0,A
Femenino,Grupo E,Algun estudio de secundaria,Estándar,Ninguna,77,79,80,79.0,C
Femenino,Grupo D,Licenciatura,Gratis/Reducido,Ninguna,63,73,78,71.0,C
Femenino,Grupo D,Título de asociado,Estándar,Completado,73,75,80,76.0,C
Femenino,Grupo D,Algun estudio universitario,Estándar,Ninguna,69,77,77,74.0,C
Femenino,Grupo C,Título de asociado,Estándar,Ninguna,65,76,76,72.0,C
Femenino,Grupo A,Escuela secundaria,Estándar,Ninguna,55,73,73,67.0,D
Femenino,Grupo C,Licenciatura,Gratis/Reducido,Ninguna,44,63,62,56.0,F
Femenino,Grupo C,Algun estudio universitario,Estándar,Ninguna,54,64,65,61.0,D
Femenino,Grupo A,Algun estudio de secundaria,Estándar,Ninguna,48,66,65,60.0,D
Masculino,Grupo C,Algun estudio universitario,Gratis/Reducido,Ninguna,58,57,54,56.0,F
Masculino,Grupo A,Algun estudio de secundaria,Estándar,Ninguna,71,62,50,61.0,D
Masculino,Grupo E,Licenciatura,Estándar,Ninguna,68,68,64,67.0,D
Femenino,Grupo E,Escuela secundaria,Estándar,Ninguna,74,76,73,74.0,C
Femenino,Grupo C,Licenciatura,Estándar,Completado,92,100,99,97.0,A
Femenino,Grupo C,Licenciatura,Estándar,Completado,56,79,72,69.0,D
Masculino,Grupo B,Escuela secundaria,Gratis/Reducido,Ninguna,30,24,15,23.0,F
Masculino,Grupo A,Algun estudio de secundaria,Estándar,Ninguna,53,54,48,52.0,F
Femenino,Grupo D,Escuela secundaria,Estándar,Ninguna,69,77,73,73.0,C
Femenino,Grupo D,Algun estudio de secundaria,Estándar,Ninguna,65,82,81,76.0,C
Femenino,Grupo D,Título de maestría,Estándar,Ninguna,54,60,63,59.0,F
Femenino,Grupo C,Escuela secundaria,Estándar,Ninguna,29,29,30,29.0,F
Femenino,Grupo E,Algun estudio universitario,Estándar,Ninguna,76,78,80,78.0,C
Masculino,Grupo D,Escuela secundaria,Gratis/Reducido,Ninguna,60,57,51,56.0,F
Masculino,Grupo D,Título de maestría,Gratis/Reducido,Completado,84,89,90,88.0,B
Masculino,Grupo C,Algun estudio de secundaria,Estándar,Ninguna,75,72,62,70.0,C
Femenino,Grupo C,Título de asociado,Estándar,Ninguna,85,84,82,84.0,B
Femenino,Grupo C,Título de maestría,Gratis/Reducido,Ninguna,40,58,54,51.0,F
Femenino,Grupo E,Algun estudio universitario,Estándar,Ninguna,61,64,62,62.0,D
Femenino,Grupo B,Título de asociado,Estándar,Ninguna,58,63,65,62.0,D
Masculino,Grupo D,Algun estudio universitario,Gratis/Reducido,Completado,69,60,63,64.0,D
Femenino,Grupo C,Algun estudio universitario,Estándar,Ninguna,58,59,66,61.0,D
Masculino,Grupo C,Licenciatura,Estándar,Completado,94,90,91,92.0,A
Femenino,Grupo C,Título de asociado,Estándar,Ninguna,65,77,74,72.0,C
Femenino,Grupo A,Título de asociado,Estándar,Ninguna,82,93,93,89.0,B
Femenino,Grupo C,Escuela secundaria,Estándar,Ninguna,60,68,72,67.0,D
Femenino,Grupo E,Licenciatura,Estándar,Ninguna,37,45,38,40.0,F
Masculino,Grupo D,Licenciatura,Estándar,Ninguna,88,78,83,83.0,B
Masculino,Grupo D,Título de maestría,Estándar,Ninguna,95,81,84,87.0,B
Masculino,Grupo C,Título de asociado,Gratis/Reducido,Completado,65,73,68,69.0,D
Femenino,Grupo C,Escuela secundaria,Gratis/Reducido,Ninguna,35,61,54,50.0,F
Masculino,Grupo B,Licenciatura,Gratis/Reducido,Ninguna,62,63,56,60.0,D
Masculino,Grupo C,Escuela secundaria,Gratis/Reducido,Completado,58,51,52,54.0,F
Masculino,Grupo A,Algun estudio universitario,Estándar,Completado,100,96,86,94.0,A
Femenino,Grupo E,Licenciatura,Gratis/Reducido,Ninguna,61,58,62,60.0,D
Masculino,Grupo D,Algun estudio universitario,Estándar,Completado,100,97,99,99.0,A
Masculino,Grupo B,Título de asociado,Gratis/Reducido,Completado,69,70,63,67.0,D
Masculino,Grupo D,Título de asociado,Estándar,Ninguna,61,48,46,52.0,F
Masculino,Grupo D,Algun estudio universitario,Gratis/Reducido,Ninguna,49,57,46,51.0,F
Femenino,Grupo C,Algun estudio de secundaria,Estándar,Completado,44,51,55,50.0,F
Masculino,Grupo D,Algun estudio universitario,Estándar,Ninguna,67,64,70,67.0,D
Masculino,Grupo B,Escuela secundaria,Estándar,Ninguna,79,60,65,68.0,D
Femenino,Grupo B,Licenciatura,Estándar,Completado,66,74,81,74.0,C
Femenino,Grupo C,Escuela secundaria,Estándar,Ninguna,75,88,85,83.0,B
Masculino,Grupo D,Algun estudio de secundaria,Estándar,Ninguna,84,84,80,83.0,B
Masculino,Grupo A,Escuela secundaria,Estándar,Ninguna,71,74,64,70.0,C
Femenino,Grupo B,Escuela secundaria,Gratis/Reducido,Completado,67,80,81,76.0,C
Femenino,Grupo D,Algun estudio de secundaria,Estándar,Completado,80,92,88,87.0,B
Masculino,Grupo E,Algun estudio universitario,Estándar,Ninguna,86,76,74,79.0,C
Femenino,Grupo D,Título de asociado,Estándar,Ninguna,76,74,73,74.0,C
Masculino,Grupo D,Escuela secundaria,Estándar,Ninguna,41,52,51,48.0,F
Femenino,Grupo D,Título de asociado,Gratis/Reducido,Completado,74,88,90,84.0,B
Femenino,Grupo B,Algun estudio de secundaria,Gratis/Reducido,Ninguna,72,81,79,77.0,C
Femenino,Grupo E,Escuela secundaria,Estándar,Completado,74,79,80,78.0,C
Masculino,Grupo B,Escuela secundaria,Estándar,Ninguna,70,65,60,65.0,D
Femenino,Grupo B,Licenciatura,Estándar,Completado,65,81,81,76.0,C
Femenino,Grupo D,Título de asociado,Estándar,Ninguna,59,70,65,65.0,D
Femenino,Grupo E,Escuela secundaria,Gratis/Reducido,Ninguna,64,62,68,65.0,D
Femenino,Grupo B,Escuela secundaria,Estándar,Ninguna,50,53,55,53.0,F
Femenino,Grupo D,Algun estudio universitario,Estándar,Completado,69,79,81,76.0,C
Masculino,Grupo C,Algun estudio de secundaria,Gratis/Reducido,Completado,51,56,53,53.0,F
Femenino,Grupo A,Escuela secundaria,Estándar,Completado,68,80,76,75.0,C
Femenino,Grupo D,Algun estudio universitario,Estándar,Completado,85,86,98,90.0,A
Femenino,Grupo A,Título de asociado,Estándar,Completado,65,70,74,70.0,C
Femenino,Grupo B,Algun estudio de secundaria,Estándar,Ninguna,73,79,79,77.0,C
Femenino,Grupo B,Algun estudio universitario,Estándar,Ninguna,62,67,67,65.0,D
Masculino,Grupo C,Título de asociado,Gratis/Reducido,Ninguna,77,67,64,69.0,D
Masculino,Grupo D,Algun estudio de secundaria,Estándar,Ninguna,69,66,61,65.0,D
Femenino,Grupo D,Título de asociado,Gratis/Reducido,Ninguna,43,60,58,54.0,F
Masculino,Grupo D,Título de asociado,Estándar,Ninguna,90,87,85,87.0,B
Masculino,Grupo C,Algun estudio universitario,Gratis/Reducido,Ninguna,74,77,73,75.0,C
Masculino,Grupo C,Algun estudio de secundaria,Estándar,Ninguna,73,66,63,67.0,D
Femenino,Grupo D,Algun estudio universitario,Gratis/Reducido,Ninguna,55,71,69,65.0,D
Femenino,Grupo C,Escuela secundaria,Estándar,Ninguna,65,69,67,67.0,D
Masculino,Grupo D,Título de asociado,Estándar,Ninguna,80,63,63,69.0,D
Femenino,Grupo C,Algun estudio de secundaria,Gratis/Reducido,Completado,50,60,60,57.0,F
Femenino,Grupo C,Algun estudio universitario,Gratis/Reducido,Completado,63,73,71,69.0,D
Femenino,Grupo B,Licenciatura,Gratis/Reducido,Ninguna,77,85,87,83.0,B
Masculino,Grupo C,Algun estudio universitario,Estándar,Ninguna,73,74,61,69.0,D
Masculino,Grupo D,Título de asociado,Estándar,Completado,81,72,77,77.0,C
Femenino,Grupo C,Escuela secundaria,Gratis/Reducido,Ninguna,66,76,68,70.0,C
Masculino,Grupo D,Título de asociado,Gratis/Reducido,Ninguna,52,57,50,53.0,F
Femenino,Grupo C,Algun estudio universitario,Estándar,Ninguna,69,78,76,74.0,C
Femenino,Grupo C,Título de asociado,Estándar,Completado,65,84,84,78.0,C
Femenino,Grupo D,Escuela secundaria,Estándar,Completado,69,77,78,75.0,C
Femenino,Grupo B,Algun estudio universitario,Estándar,Completado,50,64,66,60.0,D
Femenino,Grupo E,Algun estudio universitario,Estándar,Completado,73,78,76,76.0,C
Femenino,Grupo C,Algun estudio de secundaria,Estándar,Completado,70,82,76,76.0,C
Masculino,Grupo D,Título de asociado,Gratis/Reducido,Ninguna,81,75,78,78.0,C
Masculino,Grupo D,Algun estudio universitario,Gratis/Reducido,Ninguna,63,61,60,61.0,D
Femenino,Grupo D,Escuela secundaria,Estándar,Ninguna,67,72,74,71.0,C
Masculino,Grupo B,Escuela secundaria,Estándar,Ninguna,60,68,60,63.0,D
Masculino,Grupo B,Escuela secundaria,Estándar,Ninguna,62,55,54,57.0,F
Femenino,Grupo C,Algun estudio de secundaria,Gratis/Reducido,Completado,29,40,44,38.0,F
Masculino,Grupo B,Algun estudio universitario,Estándar,Completado,62,66,68,65.0,D
Femenino,Grupo E,Título de maestría,Estándar,Completado,94,99,100,98.0,A
Masculino,Grupo E,Algun estudio universitario,Estándar,Completado,85,75,68,76.0,C
Masculino,Grupo D,Título de asociado,Gratis/Reducido,Ninguna,77,78,73,76.0,C
Masculino,Grupo A,Escuela secundaria,Gratis/Reducido,Ninguna,53,58,44,52.0,F
Masculino,Grupo E,Algun estudio universitario,Gratis/Reducido,Ninguna,93,90,83,89.0,B
Femenino,Grupo C,Título de asociado,Estándar,Ninguna,49,53,53,52.0,F
Femenino,Grupo E,Título de asociado,Gratis/Reducido,Ninguna,73,76,78,76.0,C
Femenino,Grupo C,Licenciatura,Gratis/Reducido,Completado,66,74,81,74.0,C
Femenino,Grupo D,Título de asociado,Estándar,Ninguna,77,77,73,76.0,C
Femenino,Grupo C,Algun estudio de secundaria,Estándar,Ninguna,49,63,56,56.0,F
Femenino,Grupo D,Algun estudio universitario,Gratis/Reducido,Ninguna,79,89,86,85.0,B
Femenino,Grupo C,Título de asociado,Estándar,Completado,75,82,90,82.0,B
Femenino,Grupo A,Licenciatura,Estándar,Ninguna,59,72,70,67.0,D
Femenino,Grupo D,Título de asociado,Estándar,Completado,57,78,79,71.0,C
Masculino,Grupo C,Escuela secundaria,Gratis/Reducido,Ninguna,66,66,59,64.0,D
Femenino,Grupo E,Licenciatura,Estándar,Completado,79,81,82,81.0,B
Femenino,Grupo B,Algun estudio de secundaria,Estándar,Ninguna,57,67,72,65.0,D
Masculino,Grupo A,Licenciatura,Estándar,Completado,87,84,87,86.0,B
Femenino,Grupo D,Algun estudio universitario,Estándar,Ninguna,63,64,67,65.0,D
Femenino,Grupo B,Algun estudio de secundaria,Gratis/Reducido,Completado,59,63,64,62.0,D
Masculino,Grupo A,Licenciatura,Gratis/Reducido,Ninguna,62,72,65,66.0,D
Masculino,Grupo D,Escuela secundaria,Estándar,Ninguna,46,34,36,39.0,F
Masculino,Grupo C,Algun estudio universitario,Estándar,Ninguna,66,59,52,59.0,F
Masculino,Grupo D,Escuela secundaria,Estándar,Ninguna,89,87,79,85.0,B
Femenino,Grupo D,Título de asociado,Gratis/Reducido,Completado,42,61,58,54.0,F
Masculino,Grupo C,Algun estudio universitario,Estándar,Completado,93,84,90,89.0,B
Femenino,Grupo E,Algun estudio de secundaria,Estándar,Completado,80,85,85,83.0,B
Femenino,Grupo D,Algun estudio universitario,Estándar,Ninguna,98,100,99,99.0,A
Masculino,Grupo D,Título de maestría,Estándar,Ninguna,81,81,84,82.0,B
Femenino,Grupo B,Algun estudio de secundaria,Estándar,Completado,60,70,74,68.0,D
Femenino,Grupo B,Título de asociado,Gratis/Reducido,Completado,76,94,87,86.0,B
Masculino,Grupo C,Título de asociado,Estándar,Completado,73,78,72,74.0,C
Femenino,Grupo C,Título de asociado,Estándar,Completado,96,96,99,97.0,A
Femenino,Grupo C,Escuela secundaria,Estándar,Ninguna,76,76,74,75.0,C
Masculino,Grupo E,Título de asociado,Gratis/Reducido,Completado,91,73,80,81.0,B
Femenino,Grupo C,Algun estudio universitario,Gratis/Reducido,Ninguna,62,72,70,68.0,D
Masculino,Grupo D,Algun estudio de secundaria,Gratis/Reducido,Completado,55,59,59,58.0,F
Femenino,Grupo B,Algun estudio de secundaria,Gratis/Reducido,Completado,74,90,88,84.0,B
Masculino,Grupo C,Escuela secundaria,Estándar,Ninguna,50,48,42,47.0,F
Masculino,Grupo B,Algun estudio universitario,Estándar,Ninguna,47,43,41,44.0,F
Masculino,Grupo E,Algun estudio universitario,Estándar,Completado,81,74,71,75.0,C
Femenino,Grupo E,Título de asociado,Estándar,Completado,65,75,77,72.0,C
Masculino,Grupo E,Algun estudio de secundaria,Estándar,Completado,68,51,57,59.0,F
Femenino,Grupo D,Escuela secundaria,Gratis/Reducido,Ninguna,73,92,84,83.0,B
Masculino,Grupo C,Algun estudio universitario,Estándar,Ninguna,53,39,37,43.0,F
Femenino,Grupo B,Título de asociado,Gratis/Reducido,Completado,68,77,80,75.0,C
Masculino,Grupo A,Algun estudio de secundaria,Gratis/Reducido,Ninguna,55,46,43,48.0,F
Femenino,Grupo C,Algun estudio universitario,Estándar,Completado,87,89,94,90.0,A
Masculino,Grupo D,Algun estudio de secundaria,Estándar,Ninguna,55,47,44,49.0,F
Femenino,Grupo E,Algun estudio universitario,Gratis/Reducido,Ninguna,53,58,57,56.0,F
Masculino,Grupo C,Título de maestría,Estándar,Ninguna,67,57,59,61.0,D
Masculino,Grupo C,Título de asociado,Estándar,Ninguna,92,79,84,85.0,B
Femenino,Grupo B,Algun estudio universitario,Gratis/Reducido,Completado,53,66,73,64.0,D
Masculino,Grupo D,Título de asociado,Estándar,Ninguna,81,71,73,75.0,C
Masculino,Grupo C,Escuela secundaria,Gratis/Reducido,Ninguna,61,60,55,59.0,F
Masculino,Grupo D,Licenciatura,Estándar,Ninguna,80,73,72,75.0,C
Femenino,Grupo A,Título de asociado,Gratis/Reducido,Ninguna,37,57,56,50.0,F
Femenino,Grupo C,Escuela secundaria,Estándar,Ninguna,81,84,82,82.0,B
Femenino,Grupo C,Título de asociado,Estándar,Completado,59,73,72,68.0,D
Masculino,Grupo B,Algun estudio universitario,Gratis/Reducido,Ninguna,55,55,47,52.0,F
Masculino,Grupo D,Título de asociado,Estándar,Ninguna,72,79,74,75.0,C
Masculino,Grupo D,Escuela secundaria,Estándar,Ninguna,69,75,71,72.0,C
Masculino,Grupo C,Algun estudio universitario,Estándar,Ninguna,69,64,68,67.0,D
Femenino,Grupo C,Licenciatura,Gratis/Reducido,Ninguna,50,60,59,56.0,F
Masculino,Grupo B,Algun estudio universitario,Estándar,Completado,87,84,86,86.0,B
Masculino,Grupo D,Algun estudio de secundaria,Estándar,Completado,71,69,68,69.0,D
Masculino,Grupo E,Algun estudio universitario,Estándar,Ninguna,68,72,65,68.0,D
Masculino,Grupo C,Título de maestría,Gratis/Reducido,Completado,79,77,75,77.0,C
Femenino,Grupo C,Algun estudio de secundaria,Estándar,Completado,77,90,85,84.0,B
Masculino,Grupo C,Título de asociado,Gratis/Reducido,Ninguna,58,55,53,55.0,F
Femenino,Grupo E,Título de asociado,Estándar,Ninguna,84,95,92,90.0,A
Masculino,Grupo D,Algun estudio universitario,Estándar,Ninguna,55,58,52,55.0,F
Masculino,Grupo E,Licenciatura,Gratis/Reducido,Completado,70,68,72,70.0,C
Femenino,Grupo D,Algun estudio universitario,Gratis/Reducido,Completado,52,59,65,59.0,F
Masculino,Grupo B,Algun estudio universitario,Estándar,Completado,69,77,77,74.0,C
Femenino,Grupo C,Escuela secundaria,Gratis/Reducido,Ninguna,53,72,64,63.0,D
Femenino,Grupo D,Algun estudio de secundaria,Estándar,Ninguna,48,58,54,53.0,F
Masculino,Grupo D,Algun estudio de secundaria,Estándar,Completado,78,81,86,82.0,B
Femenino,Grupo B,Escuela secundaria,Estándar,Ninguna,62,62,63,62.0,D
Masculino,Grupo D,Algun estudio universitario,Estándar,Ninguna,60,63,59,61.0,D
Femenino,Grupo B,Escuela secundaria,Estándar,Ninguna,74,72,72,73.0,C
Femenino,Grupo C,Escuela secundaria,Estándar,Completado,58,75,77,70.0,C
Masculino,Grupo B,Escuela secundaria,Estándar,Completado,76,62,60,66.0,D
Femenino,Grupo D,Algun estudio de secundaria,Estándar,Ninguna,68,71,75,71.0,C
Masculino,Grupo A,Algun estudio universitario,Gratis/Reducido,Ninguna,58,60,57,58.0,F
Masculino,Grupo B,Escuela secundaria,Estándar,Ninguna,52,48,49,50.0,F
Masculino,Grupo D,Licenciatura,Estándar,Ninguna,75,73,74,74.0,C
Femenino,Grupo B,Algun estudio de secundaria,Gratis/Reducido,Completado,52,67,72,64.0,D
Femenino,Grupo C,Licenciatura,Gratis/Reducido,Ninguna,62,78,79,73.0,C
Masculino,Grupo B,Algun estudio universitario,Estándar,Ninguna,66,65,60,64.0,D
Femenino,Grupo B,Algun estudio de secundaria,Gratis/Reducido,Ninguna,49,58,55,54.0,F
Femenino,Grupo B,Escuela secundaria,Estándar,Ninguna,66,72,70,69.0,D
Femenino,Grupo C,Algun estudio universitario,Gratis/Reducido,Ninguna,35,44,43,41.0,F
Femenino,Grupo A,Algun estudio universitario,Estándar,Completado,72,79,82,78.0,C
Masculino,Grupo E,Título de asociado,Estándar,Completado,94,85,82,87.0,B
Femenino,Grupo D,Título de asociado,Gratis/Reducido,Ninguna,46,56,57,53.0,F
Femenino,Grupo B,Título de maestría,Estándar,Ninguna,77,90,84,84.0,B
Femenino,Grupo B,Escuela secundaria,Gratis/Reducido,Completado,76,85,82,81.0,B
Femenino,Grupo C,Título de asociado,Estándar,Completado,52,59,62,58.0,F
Masculino,Grupo C,Licenciatura,Estándar,Completado,91,81,79,84.0,B
Femenino,Grupo B,Algun estudio de secundaria,Estándar,Completado,32,51,44,42.0,F
Femenino,Grupo E,Algun estudio de secundaria,Gratis/Reducido,Ninguna,72,79,77,76.0,C
Femenino,Grupo B,Algun estudio universitario,Estándar,Ninguna,19,38,32,30.0,F
Masculino,Grupo C,Título de asociado,Gratis/Reducido,Ninguna,68,65,61,65.0,D
Femenino,Grupo C,Título de maestría,Gratis/Reducido,Ninguna,52,65,61,59.0,F
Femenino,Grupo B,Escuela secundaria,Estándar,Ninguna,48,62,60,57.0,F
Femenino,Grupo D,Algun estudio universitario,Gratis/Reducido,Ninguna,60,66,70,65.0,D
Masculino,Grupo D,Escuela secundaria,Gratis/Reducido,Ninguna,66,74,69,70.0,C
Masculino,Grupo E,Algun estudio de secundaria,Estándar,Completado,89,84,77,83.0,B
Femenino,Grupo B,Escuela secundaria,Estándar,Ninguna,42,52,51,48.0,F
Femenino,Grupo E,Título de asociado,Gratis/Reducido,Completado,57,68,73,66.0,D
Masculino,Grupo D,Escuela secundaria,Estándar,Ninguna,70,70,70,70.0,C
Femenino,Grupo E,Título de asociado,Gratis/Reducido,Ninguna,70,84,81,78.0,C
Masculino,Grupo E,Algun estudio universitario,Estándar,Ninguna,69,60,54,61.0,D
Femenino,Grupo C,Título de asociado,Estándar,Ninguna,52,55,57,55.0,F
Masculino,Grupo C,Algun estudio de secundaria,Estándar,Completado,67,73,68,69.0,D
Masculino,Grupo C,Algun estudio de secundaria,Estándar,Completado,76,80,73,76.0,C
Femenino,Grupo E,Título de asociado,Estándar,Ninguna,87,94,95,92.0,A
Femenino,Grupo B,Algun estudio universitario,Estándar,Ninguna,82,85,87,85.0,B
Femenino,Grupo C,Algun estudio universitario,Estándar,Ninguna,73,76,78,76.0,C
Masculino,Grupo A,Algun estudio universitario,Gratis/Reducido,Ninguna,75,81,74,77.0,C
Femenino,Grupo D,Algun estudio universitario,Gratis/Reducido,Ninguna,64,74,75,71.0,C
Femenino,Grupo E,Escuela secundaria,Gratis/Reducido,Ninguna,41,45,40,42.0,F
Masculino,Grupo C,Escuela secundaria,Estándar,Ninguna,90,75,69,78.0,C
Masculino,Grupo B,Licenciatura,Estándar,Ninguna,59,54,51,55.0,F
Masculino,Grupo A,Algun estudio de secundaria,Estándar,Ninguna,51,31,36,39.0,F
Masculino,Grupo A,Escuela secundaria,Gratis/Reducido,Ninguna,45,47,49,47.0,F
Femenino,Grupo C,Título de maestría,Estándar,Completado,54,64,67,62.0,D
Masculino,Grupo E,Algun estudio de secundaria,Estándar,Completado,87,84,76,82.0,B
Femenino,Grupo C,Escuela secundaria,Estándar,Ninguna,72,80,83,78.0,C
Masculino,Grupo B,Algun estudio de secundaria,Estándar,Completado,94,86,87,89.0,B
Femenino,Grupo A,Licenciatura,Estándar,Ninguna,45,59,64,56.0,F
Masculino,Grupo D,Licenciatura,Gratis/Reducido,Completado,61,70,76,69.0,D
Femenino,Grupo B,Escuela secundaria,Gratis/Reducido,Ninguna,60,72,68,67.0,D
Femenino,Grupo C,Algun estudio de secundaria,Estándar,Ninguna,77,91,88,85.0,B
Femenino,Grupo A,Algun estudio de secundaria,Estándar,Completado,85,90,92,89.0,B
Femenino,Grupo D,Licenciatura,Gratis/Reducido,Ninguna,78,90,93,87.0,B
Masculino,Grupo E,Algun estudio universitario,Gratis/Reducido,Completado,49,52,51,51.0,F
Femenino,Grupo B,Escuela secundaria,Gratis/Reducido,Ninguna,71,87,82,80.0,B
Femenino,Grupo C,Algun estudio de secundaria,Gratis/Reducido,Ninguna,48,58,52,53.0,F
Masculino,Grupo C,Escuela secundaria,Estándar,Ninguna,62,67,58,62.0,D
Femenino,Grupo C,Título de asociado,Gratis/Reducido,Completado,56,68,70,65.0,D
Femenino,Grupo C,Algun estudio de secundaria,Estándar,Ninguna,65,69,76,70.0,C
Femenino,Grupo D,Algun estudio de secundaria,Gratis/Reducido,Completado,69,86,81,79.0,C
Masculino,Grupo B,Algun estudio de secundaria,Estándar,Ninguna,68,54,53,58.0,F
Femenino,Grupo A,Algun estudio universitario,Gratis/Reducido,Ninguna,61,60,57,59.0,F
Femenino,Grupo C,Licenciatura,Gratis/Reducido,Completado,74,86,89,83.0,B
Masculino,Grupo A,Licenciatura,Estándar,Ninguna,64,60,58,61.0,D
Femenino,Grupo B,Escuela secundaria,Estándar,Completado,77,82,89,83.0,B
Masculino,Grupo B,Algun estudio universitario,Estándar,Ninguna,58,50,45,51.0,F
Femenino,Grupo C,Escuela secundaria,Estándar,Completado,60,64,74,66.0,D
Masculino,Grupo E,Escuela secundaria,Estándar,Ninguna,73,64,57,65.0,D
Femenino,Grupo A,Escuela secundaria,Estándar,Completado,75,82,79,79.0,C
Masculino,Grupo B,Título de asociado,Gratis/Reducido,Completado,58,57,53,56.0,F
Femenino,Grupo C,Título de asociado,Estándar,Ninguna,66,77,73,72.0,C
Femenino,Grupo D,Escuela secundaria,Gratis/Reducido,Ninguna,39,52,46,46.0,F
Masculino,Grupo C,Algun estudio de secundaria,Estándar,Ninguna,64,58,51,58.0,F
Femenino,Grupo B,Escuela secundaria,Gratis/Reducido,Completado,23,44,36,34.0,F
Masculino,Grupo B,Algun estudio universitario,Gratis/Reducido,Completado,74,77,76,76.0,C
Femenino,Grupo D,Algun estudio de secundaria,Gratis/Reducido,Completado,40,65,64,56.0,F
Masculino,Grupo E,Título de maestría,Estándar,Ninguna,90,85,84,86.0,B
Masculino,Grupo C,Título de maestría,Estándar,Completado,91,85,85,87.0,B
Masculino,Grupo D,Escuela secundaria,Estándar,Ninguna,64,54,50,56.0,F
Femenino,Grupo C,Escuela secundaria,Estándar,Ninguna,59,72,68,66.0,D
Masculino,Grupo D,Título de asociado,Estándar,Ninguna,80,75,69,75.0,C
Masculino,Grupo C,Título de maestría,Estándar,Ninguna,71,67,67,68.0,D
Femenino,Grupo A,Escuela secundaria,Estándar,Ninguna,61,68,63,64.0,D
Femenino,Grupo E,Algun estudio universitario,Estándar,Ninguna,87,85,93,88.0,B
Masculino,Grupo E,Algun estudio de secundaria,Estándar,Ninguna,82,67,61,70.0,C
Masculino,Grupo C,Algun estudio de secundaria,Estándar,Ninguna,62,64,55,60.0,D
Femenino,Grupo B,Licenciatura,Estándar,Ninguna,97,97,96,97.0,A
Masculino,Grupo B,Algun estudio universitario,Gratis/Reducido,Ninguna,75,68,65,69.0,D
Femenino,Grupo C,Licenciatura,Estándar,Ninguna,65,79,81,75.0,C
Masculino,Grupo B,Escuela secundaria,Estándar,Completado,52,49,46,49.0,F
Masculino,Grupo C,Título de asociado,Gratis/Reducido,Ninguna,87,73,72,77.0,C
Femenino,Grupo C,Título de asociado,Estándar,Ninguna,53,62,53,56.0,F
Femenino,Grupo E,Título de maestría,Gratis/Reducido,Ninguna,81,86,87,85.0,B
Masculino,Grupo D,Licenciatura,Gratis/Reducido,Completado,39,42,38,40.0,F
Femenino,Grupo C,Algun estudio universitario,Estándar,Completado,71,71,80,74.0,C
Masculino,Grupo C,Título de asociado,Estándar,Ninguna,97,93,91,94.0,A
Masculino,Grupo D,Algun estudio universitario,Estándar,Completado,82,82,88,84.0,B
Masculino,Grupo C,Escuela secundaria,Gratis/Reducido,Ninguna,59,53,52,55.0,F
Masculino,Grupo B,Título de asociado,Estándar,Ninguna,61,42,41,48.0,F
Masculino,Grupo E,Título de asociado,Gratis/Reducido,Completado,78,74,72,75.0,C
Masculino,Grupo C,Título de asociado,Gratis/Reducido,Ninguna,49,51,51,50.0,F
Masculino,Grupo B,Escuela secundaria,Estándar,Ninguna,59,58,47,55.0,F
Femenino,Grupo C,Algun estudio universitario,Estándar,Completado,70,72,76,73.0,C
Masculino,Grupo B,Título de asociado,Estándar,Completado,82,84,78,81.0,B
Masculino,Grupo E,Título de asociado,Gratis/Reducido,Ninguna,90,90,82,87.0,B
Femenino,Grupo C,Licenciatura,Gratis/Reducido,Ninguna,43,62,61,55.0,F
Masculino,Grupo C,Algun estudio universitario,Gratis/Reducido,Ninguna,80,64,66,70.0,C
Masculino,Grupo D,Algun estudio universitario,Estándar,Ninguna,81,82,84,82.0,B
Masculino,Grupo C,Algun estudio de secundaria,Estándar,Ninguna,57,61,54,57.0,F
Femenino,Grupo D,Algun estudio de secundaria,Estándar,Ninguna,59,72,80,70.0,C
Femenino,Grupo D,Título de asociado,Estándar,Ninguna,64,76,74,71.0,C
Masculino,Grupo C,Licenciatura,Estándar,Completado,63,64,66,64.0,D
Femenino,Grupo E,Licenciatura,Estándar,Completado,71,70,70,70.0,C
Femenino,Grupo B,Escuela secundaria,Gratis/Reducido,Ninguna,64,73,71,69.0,D
Masculino,Grupo D,Licenciatura,Gratis/Reducido,Ninguna,55,46,44,48.0,F
Femenino,Grupo E,Título de asociado,Estándar,Ninguna,51,51,54,52.0,F
Femenino,Grupo C,Título de asociado,Estándar,Completado,62,76,80,73.0,C
Femenino,Grupo E,Título de asociado,Estándar,Completado,93,100,95,96.0,A
Masculino,Grupo C,Escuela secundaria,Gratis/Reducido,Ninguna,54,72,59,62.0,D
Femenino,Grupo D,Algun estudio universitario,Gratis/Reducido,Ninguna,69,65,74,69.0,D
Masculino,Grupo D,Escuela secundaria,Gratis/Reducido,Ninguna,44,51,48,48.0,F
Femenino,Grupo E,Algun estudio universitario,Estándar,Completado,86,85,91,87.0,B
Femenino,Grupo E,Título de asociado,Estándar,Ninguna,85,92,85,87.0,B
Femenino,Grupo A,Título de maestría,Gratis/Reducido,Ninguna,50,67,73,63.0,D
Masculino,Grupo D,Algun estudio de secundaria,Estándar,Completado,88,74,75,79.0,C
Femenino,Grupo E,Título de asociado,Estándar,Ninguna,59,62,69,63.0,D
Femenino,Grupo E,Algun estudio de secundaria,Gratis/Reducido,Ninguna,32,34,38,35.0,F
Masculino,Grupo B,Escuela secundaria,Gratis/Reducido,Ninguna,36,29,27,31.0,F
Femenino,Grupo B,Algun estudio de secundaria,Gratis/Reducido,Completado,63,78,79,73.0,C
Masculino,Grupo D,Título de asociado,Estándar,Completado,67,54,63,61.0,D
Femenino,Grupo D,Algun estudio de secundaria,Estándar,Completado,65,78,82,75.0,C
Masculino,Grupo D,Título de maestría,Estándar,Ninguna,85,84,89,86.0,B
Femenino,Grupo C,Título de maestría,Estándar,Ninguna,73,78,74,75.0,C
Femenino,Grupo A,Escuela secundaria,Gratis/Reducido,Completado,34,48,41,41.0,F
Femenino,Grupo D,Licenciatura,Gratis/Reducido,Completado,93,100,100,98.0,A
Femenino,Grupo D,Algun estudio de secundaria,Gratis/Reducido,Ninguna,67,84,84,78.0,C
Masculino,Grupo D,Algun estudio universitario,Estándar,Ninguna,88,77,77,81.0,B
Masculino,Grupo B,Escuela secundaria,Estándar,Ninguna,57,48,51,52.0,F
Femenino,Grupo D,Algun estudio universitario,Estándar,Completado,79,84,91,85.0,B
Femenino,Grupo C,Licenciatura,Gratis/Reducido,Ninguna,67,75,72,71.0,C
Masculino,Grupo E,Licenciatura,Estándar,Completado,70,64,70,68.0,D
Masculino,Grupo D,Licenciatura,Gratis/Reducido,Ninguna,50,42,48,47.0,F
Femenino,Grupo A,Algun estudio universitario,Estándar,Ninguna,69,84,82,78.0,C
Femenino,Grupo C,Licenciatura,Estándar,Completado,52,61,66,60.0,D
Femenino,Grupo C,Licenciatura,Gratis/Reducido,Completado,47,62,66,58.0,F
Femenino,Grupo B,Título de asociado,Gratis/Reducido,Ninguna,46,61,55,54.0,F
Femenino,Grupo E,Algun estudio universitario,Estándar,Ninguna,68,70,66,68.0,D
Masculino,Grupo E,Licenciatura,Estándar,Completado,100,100,100,100.0,A
Femenino,Grupo C,Escuela secundaria,Estándar,Ninguna,44,61,52,52.0,F
Femenino,Grupo C,Título de asociado,Estándar,Completado,57,77,80,71.0,C
Masculino,Grupo B,Algun estudio universitario,Estándar,Completado,91,96,91,93.0,A
Masculino,Grupo D,Escuela secundaria,Gratis/Reducido,Ninguna,69,70,67,69.0,D
Femenino,Grupo C,Escuela secundaria,Gratis/Reducido,Ninguna,35,53,46,45.0,F
Masculino,Grupo D,Escuela secundaria,Estándar,Ninguna,72,66,66,68.0,D
Femenino,Grupo B,Título de asociado,Gratis/Reducido,Ninguna,54,65,65,61.0,D
Masculino,Grupo D,Escuela secundaria,Gratis/Reducido,Ninguna,74,70,69,71.0,C
Masculino,Grupo E,Algun estudio de secundaria,Estándar,Completado,74,64,60,66.0,D
Masculino,Grupo E,Título de asociado,Gratis/Reducido,Ninguna,64,56,52,57.0,F
Femenino,Grupo D,Escuela secundaria,Gratis/Reducido,Completado,65,61,71,66.0,D
Masculino,Grupo E,Título de asociado,Gratis/Reducido,Completado,46,43,44,44.0,F
Femenino,Grupo C,Algun estudio de secundaria,Gratis/Reducido,Ninguna,48,56,51,52.0,F
Masculino,Grupo C,Algun estudio universitario,Gratis/Reducido,Completado,67,74,70,70.0,C
Masculino,Grupo D,Algun estudio universitario,Gratis/Reducido,Ninguna,62,57,62,60.0,D
Masculino,Grupo D,Título de asociado,Gratis/Reducido,Completado,61,71,73,68.0,D
Masculino,Grupo C,Licenciatura,Gratis/Reducido,Completado,70,75,74,73.0,C
Masculino,Grupo C,Título de asociado,Estándar,Completado,98,87,90,92.0,A
Masculino,Grupo D,Algun estudio universitario,Gratis/Reducido,Ninguna,70,63,58,64.0,D
Masculino,Grupo A,Título de asociado,Estándar,Ninguna,67,57,53,59.0,F
Femenino,Grupo E,Escuela secundaria,Gratis/Reducido,Ninguna,57,58,57,57.0,F
Masculino,Grupo D,Algun estudio universitario,Estándar,Completado,85,81,85,84.0,B
Masculino,Grupo D,Algun estudio de secundaria,Estándar,Completado,77,68,69,71.0,C
Masculino,Grupo C,Título de maestría,Gratis/Reducido,Completado,72,66,72,70.0,C
Femenino,Grupo D,Título de maestría,Estándar,Ninguna,78,91,96,88.0,B
Masculino,Grupo C,Escuela secundaria,Estándar,Ninguna,81,66,64,70.0,C
Masculino,Grupo A,Algun estudio de secundaria,Gratis/Reducido,Completado,61,62,61,61.0,D
Femenino,Grupo B,Escuela secundaria,Estándar,Ninguna,58,68,61,62.0,D
Femenino,Grupo C,Título de asociado,Estándar,Ninguna,54,61,58,58.0,F
Masculino,Grupo B,Escuela secundaria,Estándar,Ninguna,82,82,80,81.0,B
Femenino,Grupo D,Algun estudio universitario,Gratis/Reducido,Ninguna,49,58,60,56.0,F
Masculino,Grupo B,Algun estudio de secundaria,Gratis/Reducido,Completado,49,50,52,50.0,F
Femenino,Grupo E,Escuela secundaria,Gratis/Reducido,Completado,57,75,73,68.0,D
Masculino,Grupo E,Escuela secundaria,Estándar,Ninguna,94,73,71,79.0,C
Femenino,Grupo D,Algun estudio universitario,Estándar,Completado,75,77,83,78.0,C
Femenino,Grupo E,Algun estudio de secundaria,Gratis/Reducido,Ninguna,74,74,72,73.0,C
Masculino,Grupo C,Escuela secundaria,Estándar,Completado,58,52,54,55.0,F
Femenino,Grupo C,Algun estudio universitario,Estándar,Ninguna,62,69,69,67.0,D
Masculino,Grupo E,Título de asociado,Estándar,Ninguna,72,57,62,64.0,D
Masculino,Grupo C,Algun estudio universitario,Estándar,Ninguna,84,87,81,84.0,B
Femenino,Grupo D,Título de maestría,Estándar,Ninguna,92,100,100,97.0,A
Femenino,Grupo D,Escuela secundaria,Estándar,Ninguna,45,63,59,56.0,F
Masculino,Grupo C,Escuela secundaria,Estándar,Ninguna,75,81,71,76.0,C
Femenino,Grupo A,Algun estudio universitario,Estándar,Ninguna,56,58,64,59.0,F
Femenino,Grupo D,Algun estudio de secundaria,Gratis/Reducido,Ninguna,48,54,53,52.0,F
Femenino,Grupo E,Título de asociado,Estándar,Ninguna,100,100,100,100.0,A
Femenino,Grupo C,Algun estudio de secundaria,Gratis/Reducido,Completado,65,76,75,72.0,C
Masculino,Grupo D,Algun estudio universitario,Estándar,Ninguna,72,57,58,62.0,D
Femenino,Grupo D,Algun estudio universitario,Estándar,Ninguna,62,70,72,68.0,D
Masculino,Grupo A,Algun estudio de secundaria,Estándar,Completado,66,68,64,66.0,D
Masculino,Grupo C,Algun estudio universitario,Estándar,Ninguna,63,63,60,62.0,D
Femenino,Grupo E,Título de asociado,Estándar,Ninguna,68,76,67,70.0,C
Femenino,Grupo B,Licenciatura,Estándar,Ninguna,75,84,80,80.0,B
Femenino,Grupo D,Licenciatura,Estándar,Ninguna,89,100,100,96.0,A
Masculino,Grupo C,Algun estudio de secundaria,Estándar,Completado,78,72,69,73.0,C
Femenino,Grupo A,Escuela secundaria,Gratis/Reducido,Completado,53,50,60,54.0,F
Femenino,Grupo D,Algun estudio universitario,Gratis/Reducido,Ninguna,49,65,61,58.0,F
Femenino,Grupo A,Algun estudio universitario,Estándar,Ninguna,54,63,67,61.0,D
Femenino,Grupo C,Algun estudio universitario,Estándar,Completado,64,82,77,74.0,C
Masculino,Grupo B,Algun estudio universitario,Gratis/Reducido,Completado,60,62,60,61.0,D
Masculino,Grupo C,Título de asociado,Estándar,Ninguna,62,65,58,62.0,D
Masculino,Grupo D,Escuela secundaria,Estándar,Completado,55,41,48,48.0,F
Femenino,Grupo C,Título de asociado,Estándar,Ninguna,91,95,94,93.0,A
Femenino,Grupo B,Escuela secundaria,Gratis/Reducido,Ninguna,8,24,23,18.0,F
Masculino,Grupo D,Algun estudio de secundaria,Estándar,Ninguna,81,78,78,79.0,C
Masculino,Grupo B,Algun estudio de secundaria,Estándar,Completado,79,85,86,83.0,B
Femenino,Grupo A,Algun estudio universitario,Estándar,Completado,78,87,91,85.0,B
Femenino,Grupo C,Algun estudio de secundaria,Estándar,Ninguna,74,75,82,77.0,C
Masculino,Grupo A,Escuela secundaria,Estándar,Ninguna,57,51,54,54.0,F
Femenino,Grupo C,Título de asociado,Estándar,Ninguna,40,59,51,50.0,F
Masculino,Grupo E,Algun estudio de secundaria,Estándar,Completado,81,75,76,77.0,C
Femenino,Grupo A,Algun estudio de secundaria,Gratis/Reducido,Ninguna,44,45,45,45.0,F
Femenino,Grupo D,Algun estudio universitario,Gratis/Reducido,Completado,67,86,83,79.0,C
Masculino,Grupo E,Escuela secundaria,Gratis/Reducido,Completado,86,81,75,81.0,B
Femenino,Grupo B,Algun estudio de secundaria,Estándar,Completado,65,82,78,75.0,C
Femenino,Grupo D,Título de asociado,Gratis/Reducido,Ninguna,55,76,76,69.0,D
Femenino,Grupo D,Licenciatura,Gratis/Reducido,Ninguna,62,72,74,69.0,D
Masculino,Grupo A,Escuela secundaria,Estándar,Ninguna,63,63,62,63.0,D
Femenino,Grupo E,Título de maestría,Estándar,Completado,88,99,95,94.0,A
Masculino,Grupo C,Escuela secundaria,Gratis/Reducido,Ninguna,62,55,55,57.0,F
Femenino,Grupo C,Escuela secundaria,Gratis/Reducido,Completado,59,71,65,65.0,D
Femenino,Grupo D,Algun estudio universitario,Estándar,Completado,68,78,77,74.0,C
Femenino,Grupo D,Algun estudio universitario,Gratis/Reducido,Ninguna,77,86,86,83.0,B
